-- phpMyAdmin SQL Dump
-- version 5.2.0
-- https://www.phpmyadmin.net/
--
-- Host: localhost:3309
-- Generation Time: Aug 11, 2023 at 10:45 AM
-- Server version: 10.4.24-MariaDB
-- PHP Version: 8.1.6

SET SQL_MODE = "NO_AUTO_VALUE_ON_ZERO";
START TRANSACTION;
SET time_zone = "+00:00";


/*!40101 SET @OLD_CHARACTER_SET_CLIENT=@@CHARACTER_SET_CLIENT */;
/*!40101 SET @OLD_CHARACTER_SET_RESULTS=@@CHARACTER_SET_RESULTS */;
/*!40101 SET @OLD_COLLATION_CONNECTION=@@COLLATION_CONNECTION */;
/*!40101 SET NAMES utf8mb4 */;

--
-- Database: `monpaddy`
--

-- --------------------------------------------------------

--
-- Table structure for table `failed_jobs`
--

CREATE TABLE `failed_jobs` (
  `id` bigint(20) UNSIGNED NOT NULL,
  `uuid` varchar(255) COLLATE utf8mb4_unicode_ci NOT NULL,
  `connection` text COLLATE utf8mb4_unicode_ci NOT NULL,
  `queue` text COLLATE utf8mb4_unicode_ci NOT NULL,
  `payload` longtext COLLATE utf8mb4_unicode_ci NOT NULL,
  `exception` longtext COLLATE utf8mb4_unicode_ci NOT NULL,
  `failed_at` timestamp NOT NULL DEFAULT current_timestamp()
) ENGINE=InnoDB DEFAULT CHARSET=utf8mb4 COLLATE=utf8mb4_unicode_ci;

-- --------------------------------------------------------

--
-- Table structure for table `knowledge`
--

CREATE TABLE `knowledge` (
  `id` bigint(20) UNSIGNED NOT NULL,
  `title` varchar(255) COLLATE utf8mb4_unicode_ci NOT NULL,
  `body` text COLLATE utf8mb4_unicode_ci NOT NULL,
  `image` varchar(255) COLLATE utf8mb4_unicode_ci DEFAULT NULL,
  `article` varchar(255) COLLATE utf8mb4_unicode_ci NOT NULL,
  `ref` varchar(255) COLLATE utf8mb4_unicode_ci NOT NULL,
  `created_at` timestamp NULL DEFAULT NULL,
  `updated_at` timestamp NULL DEFAULT NULL
) ENGINE=InnoDB DEFAULT CHARSET=utf8mb4 COLLATE=utf8mb4_unicode_ci;

--
-- Dumping data for table `knowledge`
--

INSERT INTO `knowledge` (`id`, `title`, `body`, `image`, `article`, `ref`, `created_at`, `updated_at`) VALUES
(1, 'What happens if it rains when the rice is blooming?\r\n       \r\n            (     \r\n        စပါးပန်းပွင့်ချိန်မိုးမိရင်ဘာဖြစ်တတ်လဲ)', 'စပါးပန်းပွင့်ချိန်မိုးမိရင် စပါးမပွင့် နိုင်ဘဲ ဖြစ်တတ်တယ်။ စပါးစေ့ကန်းသွားမယ်။ ပွင့်တဲ့အချိန်မိုးမိရင်လည်း အဖို ဝတ်မှုန်တွေ လွင့်စင်သွားပြီး သန္ဓေမအောင်ဘဲ စပါးအဖျင်းဖြစ်စေတယ်။ စပါး အမဝတ်မှုန်ခံအင်္ဂါမှာ ရေငွေ့စွဲကပ်ပြီး စပါးစေ့မဖြစ်တော့ဘဲ မှိုသီးရောဂါ (မှိုလုံး)ဘဲ ထွက်လာစေပါတယ်။ ဒါကြောင့် စပါးအထွက်ကောင်းဖို့ စပါး ပန်းပွင့် သန္ဓေကောင်းကောင်းအောင်ပြီး စပါးစေ့ပြည့် ပြည့်ဖြိုးဖြိုး ထွက်လာစေဖို့ ပန်းပွင့်ချိန် မိုးမမိအောင် စပါးသက်တမ်းအလိုက် စိုက်ချိန်ကြဲချိန်ကို မိုးလွတ်အောင် ချိန်ကိုက်စိုက်ပျိုးကြဖို့ သတိပြုစေချင်ပါတယ်။ ဥပမာပြောရရင်တော့ သက်တမ်း ရက် ၉ဝ မှ ၁၁ဝ စပါးမျိုးဆိုရင် ဇူလိုင် လလယ်မှ သြဂုတ်လဆန်းပိုင်းမှ စိုက်သင့်တယ်။ သက်တမ်း ၁၂ဝ မှ ၁၂၅ ရက် ရှိတဲ့ စပါးမျိုးဆိုရင်တော့ ဇူလိုင်လ ပထမပတ်မှာ စိုက်သင့်ပါတယ်။ သက်တမ်း ၁၃၅ ရက်မှ ၁၄၅ ရက် စပါးမျိုးတွေဆိုရင်တော့ ဇွန်လဆန်းမှ ဇွန်လလယ် မှသာ စတင်စိုက်ပျိုးသင့်ပါတယ်။ ဒါမှလည်း စပါးပန်းပွင့် ချိန်လည်း မိုးလွတ်၊ စပါးရိတ်ချိန် မိုးလွတ်၊ ကျွတ်ကျွတ်လွတ်လွတ်နဲ့ စပါးရိတ်သိမ်းရပြီး လေလွင့် ဆုံးရှုံးမှုလည်းနည်းမှာ ဖြစ်ပါတယ်။', 'moe.jpg', 'It is extracted from an article written by Aung San (Agriculture).', '#Aventine Ltd. (အာမို)\r\nA member of CDSG : Capital Diamond Star Group', '2023-07-24 13:28:02', '2023-07-24 13:28:02'),
(2, 'Soil type and water requirements(\r\nမြေအမျိုးအစားနှင့် ရေလိုအပ်ချက်\r\n)', 'စပါးသည် မြေစေးနှင့် စနယ်မြေ တို့တွင် ကောင်းစွာ ဖြစ်ထွန်းသည်။ ပူအိုက် စွတ်စိုသော ရာသီဥတုကို ကြိုက်နှစ်သက်ပြီး နေ့တာ အတိုအရှည်ကို တုံ့ပြန်သော မျိုးနှင့် မတုံ့ပြန်သော မျိုးဟူ၍ ရှိသည်။ အနည်းငယ် ချဉ်သော မြေကို ကြိုက်နှစ်သက်သည်။ မြေဆီလွှာ ချဉ်ငံဓါတ် (၅.၅ မှ ၇.ဝ) အတွင်း စိုက်ပျိုးနိုင်သည်။ ဆည်ရေသောက်နှင့် မြစ်ရေတင် ဒေသတွင် စပါး စိုက်ပျိုးပါက ပျိုးထောင်ရေ (၂ ဧကပေ) လိုအပ်ပါသည်။ အပင်ဖြစ်ရေ ပထမအကြိမ် (ဝ.၅) ဧကပေနှင့် ဒုတိယအကြိမ် အပင်ဖြစ်ရေ (ဝ.၅) ဧကပေ လိုအပ်ပါသည်။ တတိယအကြိမ် အပင်ဖြစ်ရေ အဖြစ် (၁) ဧကပေ လိုအပ်ပြီး အောင်ရေ အဖြစ် ပထမအကြိမ် (၁) ဧကပေ နှင့် ဒုတိယအကြိမ် (၁ ဧကပေ လိုအပ်ပြီး တစ်ရာသီလုံး အတွက် စုစုပေါင်း (၆) ဧကပေ လိုအပ်ပါသည်။ အပူချိန် အနေဖြင့် (98.6º F) အတွင်း ကောင်းစွာ ဖြစ်ထွန်းပါသည်။', 'paddyfield.jpg', 'It is extracted from an article written by Aung San (Agriculture).', '#Aventine Ltd. (အာမို)\r\nA member of CDSG : Capital Diamond Star Group', '2023-07-24 13:28:02', '2023-07-24 13:28:02'),
(3, 'How to increase the yield of rainfed paddy fields    \r\n        (မိုးစပါးကြဲခင်း အထွက်တိုးစေနည်း)', 'စပါးကြဲခင်းစနစ်သည် ပျိုူးထောင် ၊ ပျိုးနုတ် ၊ ကောက်စိုက်စရိတ်များ မကုန်သဖြင့် သက်သာသည် ။မိုးစပါးကြဲခင်းစနစ် စိုက်မည်ဆိုလျှင် သီးထပ် မစိုက်သောလယ်မြေတွင် မိုးနှောင်းထယ်ရေးထိုးရမည် ။ နွေစပါးသီးထပ်စိုက်သောလယ်မြေတွင် နွေစပါးအပြီး ရိုးပြတ်မီးမရှို့ဘဲ နွေထယ်ရေးထိုးရမည် ။ ပဲမျိုးစုံ ၊ ဆီထွက်သီးနှံနှင့် ဟင်းသီးဟင်းရွက်များ စိုက်ပါက ထယ်ထိုးထားရန်မလိုပါ ။ မိုးစပါးမစိုက်မီ လယ်ကန်သင်းများကို လုံအောင်ပြုပြင်ရမည် ။ တစ်ဧကလျှင် နွားချေး ၊ မြေဆွေး ၊ သီးနှံ အမှော်အမှိုက်များလှည်း ၁၀ စီးခန့် နေရာနှံ့အောင် ဖြန့်ချရမည် ။ ဒီရေအတက်အကျရှိသော ဒေသများတွင် နုန်းထည့်ပေးလျှင် စပါးထွက်ပိုနိုင်သည် ။မိုးဦးကျလျှင် ထယ်နှစ်ပြန် ၊ ထွန်းလေးစပ်ဖြင့် တမန်းညက်အောင် ၊ နက်အောင်ထိုးရမည် ။ မြေတွင်းရှိ သက်ရှိအဏုဇီဝများရှင်သန်းနိုးကြားလာစေရန် တစ်ဧက ဆန်ကွဲဖွဲနုလေးပြည်ခန့်ကြဲပေးရမည် ။ တစ်ဧကအသုံးပြုရမည့် ယူရီးယား ၊ တီစူပါ ၊ ပိုတက် ၊ဂျစ်ပဆန်မြေသြဇာများကို မြေခံအဖြစ် ညီညာအောင် ကြဲပက်ရမည် ။ တမန်းညက်လျှင် မြက်နှင့် ပေါင်းပင်များကို ပြောင်စင်အောင်လိုက်ကောက်ပစ်ရမည် ။ ပြီးလျှင် တမန်းမျက်နှာပြင်ညီအောင် ညှိပေးရမည် ။ မျိုးကို အပင်ပေါက်ရာခိုင်နှုန်း ၈၀ အထက်ရှိသော မျိုးသန့်ကိုအသုံးပြုရန် လိုအပ်သည် ။ အပင်ပေါက်အားကောင်းစေရန် ၊ ညီညာစေရန်ဆားရည်စိမ်ကာ သန့်စင်ရန် လိုအပ်သည် ။ စပါးမျိုးကို စာပါးစပ်ပြူ အဆင့်ရရှိအောင် တစ်ညစိမ် နှစ်ရက်အုပ်ပေးရမည် ။ တစ်ဧကလျှင်မျိုးကိုနှစ်တင်းခွဲခန့် အသုံးပြုရန်လိုအပ်သည် ။ မိုးစပါး သက်လျှင်မျိုးများတွင် တစ်ဧကအနှံပေါင်း ၁၅ သိန်းမှ ၁၆ သိန်း ၊သက်လတ်မျိူးများတွင် ၁၃ သိန်းမှ ၁၅ သိန်း ၊သက်ကြီးမျိုးများတွင် ၉ သိန်းမှ ၁၀ သိန်းရရှိအောင်ကြဲရန်လိုအပ်သည်။စပါးကြဲခင်းကြဲပြီးပါက ကောက်ပင်ဖာနိုင်ရန် လယ်ကွက်တောင့်တွင် ၁၂ ပေ ပတ်လည်ခန့်တွင် ပျိုးထူထူကျဲကာအရန်ပျိုးခင်းထောင်ရမည်။ စပါးအပင် တစ်လသားခန့်တွင် ရေကို နှစ်လက်မ ၊ သုံးလက်မခန့်ရှိအောင် ထိန်းထားရမည်။ တစ်နံှပါ အစေ့များစေရန်အတွက် အနှံသနေတည်ချိန် သို့မဟုတ် အနှံမထွက်မီ ၂၃ ရက်မှ ၂၅ ရက်ခန့်အလိုတွင် ယူရီးယားမြေသြဇာကို နွားချေး ၊ မြေဆွေးနှင့် ရောပြီးကြဲပေးရမည်။ တစ်နှံပါ အောင်စေ့သည် အနည်းဆုံး ရာခိုင်နှုန်း ၈၀ အထက်တွင် ရှိရန်လိုအပ်သည်။ အချို့မျိုးများသည် နိုက်ထရိုဂျင်များများကြွေးပါကအဖျဉ်းများတတ်သည်။ ထိုအချိန်တွင် ရေမပြတ်စေရန် အထူးဂရုပြူရန် လိုအပ်သည်။ အောက်မြန်မာနိုင်ငံတွင် စပါးပန်းပွင့်ချိန် မိုးမမိစေရန်သက်လတ်စပါးမျိုးများကို ဇွန်လလယ်ထက် စောမစိုက်ပျိုးသင့်ပေ။ ထိုအချက်ကိုသတိမူသင့်ပေသည်။ အထွက်ကောင်းစပါးမျိုးများတွင် တစ်ဧကလျှင်ယူရီးယား နှစ်အိတ် ၊ တီစူပါ တစ်အိတ် ၊ပိုတက် အိတ်တစ်ဝက် အသုံးပြူရန်လိုအပ်သည်။မြေသြဇာကိုစနစ်တကျထည့်ပါကမြေသြဇာတစ်ပေါင်ထည့်လျှင် စပါး သုံးတင်း ပိုထွက်နိုင်ပါသည်။ ယူရီးယားမြေသြဇာ အသုံးပြူသည့်အခါ နွားချေး ၊မြေဆွေးနှင့် ရောပြီးအသုံးပြူပါက စပါးအထွက် ၉ ရာခိုင်နှုန်းမှ ၁၀ ရာခိုင်နှုန်းအထိပိုမိုထွက်ရှိနိုင်သည်။ ပိုတက်မြေသြဇာကို တစ်ကြိမ်တည်း မြေခံကြွေးသည်ထက် အလီလီခွဲ ကြွေးခြင်းသည် ပိုပြီးထိရောက်စေသည်။မြန်မာနိုင်ငံရှိ စပါးစိုက်မြေအားလုံးနီးပါး ကန့်ဓာတ်ချို့တဲ့တတ်သဖြင့် ဂျစ်ပဆန် အသုံးပြူပေးပါက တစ်ဧက စပါးထွက် ခုနစ်ရာခိုင်နှုန်းမှ ၂၆ ရာခိုင်နှုန်းအထိ ပိုမိူအထွက်တိုးနိုင်သည်။ သို့အတွက် မြေပြင်ချိန်တွင် ဂျစ်ဆန်ပေါင် ၁၀၀ နှုန်းထည့်ပေးရန် သင့်ပေသည်။ မြေချဉ်ငန်ဓာတ် ၇ အထက်ရှိသော မန္တလေးတိုင်း ၊ စစ်ကိုင်းတိုင်းနှင့် မကွေးတိုင်းများတွင် သွပ်ဓာတ်ချို့တဲ့တတ်သဖြင့် ဇီဖာ မြေသြဇာတစ်ဧကသုံးပေါင်နှုန်း အသုံးပြုခြင်းဖြင့် တစ်ဧကစပါးအထွက် ငါးရာခိုင်နှုန်းမှ ၂၅ ရာခိုင်နှုန်း ပိုမိုထွက်ရှိ နိုင်သည်။စပါးကို မောင်းညိုချိန်တွင် ရိတ်သိမ်းပါ။ အနှံထွက်ပန်းပွင့်ပြီးရက် ၃၀ မှ ၄၀ ရက်အတွင်း ရိတ်သိမ်းပါက ဆန် အကျိုးအကြေနည်းပြီးဆန်အရည်အသွေးကောင်းစေသည်။', 'moe1.jpg', 'It is extracted from an article written by Aung San (Agriculture).\r\n', '#Aventine Ltd. (အာမို)\r\nA member of CDSG : Capital Diamond Star Group', '2023-07-24 13:38:27', '2023-07-24 13:38:27'),
(4, 'How to plant spring rice(နွေစပါးစိုက်ပျိုးနည်း)', 'နွေစပါးသည် မိုးစပါးရိတ်သိမ်းအပြီး စိုက်ပျိုးသည့် သီးထပ်စပါးဖြစ်ရာ မိုးစပါးရိတ်သိမ်းချိန် အပေါ်မူတည်၍ နွေစပါးစိုက်ချိန်သည်လည်း အမျိုးမျိုးကွဲပြားခြားနားသည်။ တစ်ပြည်လုံးအနေဖြင့် ခြုံကြည့်ပါက နွေစပါးကို နိုဝင်ဘာမှ မတ်လအထိ စိုက်လေ့ရှိကြသည်။ အချို့ဒေသများ၌ ဧပြီလတွင် စိုက်သည့် စပါးကိုလည်းနွေစပါးဟုခေါ်ဝေါ်ပြန်သည်။ “နွေစပါးကို ဘယ်အချိန်စိုက်ရင် အထွက်စွမ်းရည် အမြင့်မားဆုံးဖြစ်မလဲ”ဟု မိတ်ဆွေလယ်သမား တစ်ဉီးက မေးလာသည်။ “မိမိဒေသ၊ မိမိအခြေအနေနှင့် သင့်တော်ကိုက်ညီသည့် စိုက်ချိန်သည် နွေစပါးစိုက်ချိန် အမှန်ပါ” လို့ဖြေကြားလိုပါသည်။ မြန်မာနိုင်ငံတွင် တောင်ပေါ်မြေပြန့် အထက်အောက် နိုင်ငံတစ်ဝှမ်း စိုက်ပျိုးရေရရှိမှုအပေါ်မူတည်၍ နွေစပါးကိုစိုက်ပျိုးလျှက်ရှိရာ နွေစပါးအတွက် ယေဘုယျစိုက်ပျိုးသင့်သည့်အချိန်ကို ပြောဆိုပါက မှန်ကန်နိုင်မည်မဟုတ်ပါချေ။ ကိုယ်တိုင်ဆုံးဖြတ် စိုက်ပျိုးရန်သာဖြစ်ပါသည်။\r\nမြန်မာနိုင်ငံအောက်ပိုင်းဒေသ\r\nသီးထပ်နွေစပါးကို ဇန်နဝါရီလလယ်တွင် အပြီးစိုက်သင့်ပါသည်။ မြန်မာနိုင်ငံ အထက်ပိုင်းဒေသ များထက်စိုက်ချိန်စော၍ စိုက်သင့်ပါသည်။ အကြောင်းကတော့ မေလတွင်မုတ်သုန်စတင်ဝင်ရောက် သည်။ ဦးစွာမိုးကိုရရှိသည်။ ထို့ပြင် သင်္ကြန်အပြီးမိုးရွာလေ့ရှိသည်။ ထိုမိုးများမရွာမီ နွေစပါးကို မိုးလွတ်လေလွတ် ရိတ်သိမ်းပြီးဖြစ်ရန် စောစိုက်ရခြင်းဖြစ်ပါသည်။ မြန်မာနိုင်ငံ အောက်ပိုင်းဒေသများ၏ နွေစပါးစိုက်ချိန်ကာလအတွင်း ဆောင်းရာသီကို ဖြတ်သန်းသော်လည်း စပါးပင်ကြီးထွားမှုကို ထိခိုက်နိုင်လောက်သည့် အပူချိန်အနိမ့်ဆုံးအခြေအနေကို ကြုံ့တွေ့ရလေ့မရှိပါ။ ဧရိယာဧကပိုင်ဆိုင်မှုများသော ဧရာဝတီတိုင်းဒေသကြီးရှိ လယ်သမားများသည် အချိန်မီ ပြီးစီးရေးအတွက် နွေစပါးကို နိုဝင်ဘာလကပင် စတင်စိုက်ပျိုးသည့်အလေ့အထ ရှိပါသည်။ နိုဝင်ဘာ၊ ဒီဇင်ဘာနှင့် ဇန်နဝါရီလ စိုက်ချိန်သုံးလတို့ကို နှိုင်းယှဉ်ပါက ဒီဇင်ဘာတွင် စိုက်ခြင်းက စပါးအထွက်ပိုမိုလေ့ရှိသည်။ ထို့ကြောင့် မြန်မာနိုင်ငံအောက်ပိုင်းဒေသများအတွက် ဒီဇင်ဘာလသည် စိုက်ချိန်မှန်ဖြစ်ကြောင်း ထောက်ခံလိုပါသည်။\r\nမြန်မာနိုင်ငံ အထက်ပိုင်းဒေသ\r\nမြန်မာနိုင်ငံအထက်ပိုင်းဒေသများသည် မြန်မာနိုင်ငံအောက်ပိုင်းဒေသများထက် စိုက်ချိန် နောက်ကျစိုက်ပျိုးမှ အဆင်ပြေပါသည်။ နိုဝင်ဘာတွင် စိုက်ပျိုးခြင်းမပြုသင့်သေးပါ။ အပင်ပွားစည်းကာလတွင် စပါးပင် မကြိုက်သည့် နိမ့်သောအပူချိန်များနှင့် ကြုံတွေ့ရနိုင်ပါသည်။ စပါးပင်အရပ်ပုခြင်း၊ နှံစတိုခြင်း၊ တစ်နှံပါသီးလုံးနည်းခြင်းတို့ကြောင့် စပါးအထွက်လည်း လျော့နည်းနိုင်ပါသည်။ အလားတူ ဒီဇင်ဘာသည်လည်း နွေစပါးစိုက်ပျိုးခြင်း မပြုသင့်သေးပါ။ နိုဝင်ဘာစိုက် ထက် အထွက်ပိုမိုနိုင်သော်လည်း မျှော်လင့်သည့် မြင့်မားသောစပါးအထွက်နှုန်းကို ရရှိနိုင်ခြင်းမရှိသေးကြောင်း လေ့လာသိရှိရပါသည်။ နွေစပါးအထွက်ကောင်းရန် စတင်မျှော်လင့်နိုင်သည့် စိုက်ချိန်မှာ ဇန်နဝါရီလလယ် ဖြစ်ပါသည်။ သို့သော် ဤစိုက်ချိန်သည်လည်း စပါးအပင်ကြီးထွားမှုကာလကို အဟန့်အတားပြုသည့် အပူချိန်အနိမ့်ဆုံး (၂၀)ဒီဂရီစင်တီဂရိတ် ထက် လျော့နည်းသည့်ကာလများနှင့် ကြုံတွေ့ရနိုင်သေးသည်။ အပူချိန်အနိမ့်ဆုံးနှင့် ကင်းလွတ်ပြီး စပါးအထွက်အမြင့်ဆုံးရရှိလိုပါက ဖေဖော်ဝါရီလလယ်တွင် နွေစပါးကိုစိုက်ရန် အကောင်းဆုံးစိုက်ချိန်အဖြစ် ထောက်ခံလိုပါသည်။ စပါးစိုက်ပျိုးရာ၌ အနှံအရေအတွက်များ၍ အောင်စေ့ရာခိုင်နှုန်းကောင်းစေသော စိုက်ချိန်ဖြစ်ရန် လိုသည်။ အနှံအရေအတွက်နှင့် အောင်စေ့ရာခိုင်နှုန်းတို့သည် စပါးအထွက်နှုန်း မြင့်မားရေးအတွက် အရေးပါသည့် မိတ်ဖက်များဖြစ်ကြသည်။ ဖေဖော်ဝါရီလတွင် နွေစပါးကိုစိုက်ပျိုးပါက ယူနစ်ဧရိယာအတွင်း၌ အနှံအရေအတွက်များပြီး အောင်စေ့ရာခိုင်နှုန်းကောင်းခြင်းကြောင့် စပါးအမြင့်ဆုံးထွက်ရှိစေသည့် နွေစပါးစိုက်ချိန်ဖြစ်ကြောင်း သုတေသနတွေ့ရှိချက်များအရ ဖော်ပြလိုပါသည်။\r\nသုံးသီးစားသီးနှံပုံစံစိုက် ဒေသ\r\nမြန်မာနိုင်ငံအထက်ပိုင်းဒေသများရှိ ဆည်ရေသောက်ဒေသများတွင် သုံးသီးစား သီးထပ်သီးနှံပုံစံကို ချမှတ်ကျင့်သုံးနေပြီဖြစ်သည်။ မိုးစပါး-ပဲမျိုးစုံ-နွေစပါး သီးနှံပုံစံသည် အောင်မြင်စွာဆောင်ရွက်လျက်ရှိသည့် သီးနှံပုံစံဖြစ်သည်။ မိုးစပါး-မတ်ပဲ-နွေစပါးသီးနှံပုံစံနှင့် မိုးစပါး-ကုလားပဲ-နွေစပါး သီးနှံပုံစံတို့သည်် အကျိုးအမြတ်ဝင်ငွေပိုမိုရရှိသဖြင့် တောင်သူ လယ်သမားအများစု စိုက်ပျိုးလျက်ရှိသော ထင်ရှားသည့်သီးနှံပုံစံများဖြစ်သည်။ သုံးသီးစားသီးနှံ ပုံစံ၏ ဒုတိယသီးနှံများဖြစ်သော မတ်ပဲ၊ ကုလားပဲ၊ ပဲမျိုးစုံသီးနှံများကို လျင်မြန်စွာရိတ်သိမ်းပြီးသည်နှင့် နွေစပါးကို ဖေဖော်ဝါရီလလယ်တွင် တိုက်ရိုက်မျိုးစေ့ချ စိုက်ပျိုးကြစေလိုပါသည်။ နောက်အကျဆုံးစိုက်ပျိုးသင့်သည့် စိုက်ချိန်မှာ မတ်လလယ်ဖြစ်ကြောင်း အသိပေးလိုပါသည်။ မိုးစပါးအပြီးစိုက်ပျိုးသည့် ပဲမျိုးစုံသီးနှံ ရိတ်သိမ်းချိန်နောက်ကျသည့်ဒေသများ၌ နွေစပါးကို မတ်လသာမက ဧပြီလအထိ စိုက်ပျိုးကြသည်ကို တွေ့ရှိရသည်။ စိုက်ချိန်နောက်ကျသောကြောင့် နွေစပါးပန်းပွင့်ချိန်သည် နွေရာသီ၏ အပူချိန်အမြင့်ဆုံး (၄၀) ဒီဂရီစင်တီဂရိတ် ခန့်နှင့် ကြုံတွေ့နိုင်ပါသည်။ စပါးအစေ့များ အဖျင်းများပြီး အလေးချိန်မစီးသောကြောင့် စပါးအထွက် လျော့နည်းမည်သာဖြစ်ပါသည်။ နွေစပါးကို မတ်လနှင့် ဧပြီလတွင် စိုက်ခြင်းသည် ရိတ်သိမ်းချိန်၌ မုတ်သုန်မိုးနှင့် ကြုံတွေ့ရ၍ မိုးမိသဖြင့် စပါးအလေအလွင့်ဖြစ်ကာ ဆုံးရှုံးမှုကြောင့် အထွက်လျော့နည်းနိုင်ပါသည်။ ၄င်းအပြင် နွေစပါးအပြီး မိုးစပါးစိုက်ပျိုးရေးအတွက် စိုက်ချိန်နောက်ကျနိုင်ပါသည်။ ဆက်လက်၍ မိုးစပါးစိုက်ချိန်နောက်ကျခြင်းကြောင့် မိုးစပါးအထွက်လျော့နည်းဦးမည်ဖြစ်သည်။ သို့ဖြစ်၍ မိုးစပါး-ပဲမျိုးစုံ- နွေစပါး သီးနှံပုံစံတွင် မိုးစပါးအပြီး ပဲမျိုးစုံ၊ ပဲမျိုးစုံအပြီး နွေစပါးတို့ စိုက်ချိန်၊ ရိတ်ချိန်များ နောက်ကျမှုသံသရာလည်ကာ သီးနှံပုံစံအတွဲတစ်ခုလုံး အကျိုးအမြတ်နည်းနိုင်ပါသည်။', 'nway.jpg', 'It is extracted from an article written by Aung San (Agriculture).', '#Aventine Ltd. (အာမို)\r\nA member of CDSG : Capital Diamond Star Group', '2023-07-24 13:38:27', '2023-07-24 13:38:27'),
(5, 'စပါးမျိုးကောင်းမျိုးသန့် မျိုးစေ့ရရှိအောင် ဘယ်လိုထိန်းသိမ်းရမလဲ', '- ရလာတဲ့ မျိုးကောင်းမျိုးသန့် မျိုးစေ့ကို စနစ်တကျသီးခြားသိမ်းပါ။\r\n- မျိုးသန့်စိုက်မယ့် အကွက်ကို တမန်းညက်အောင် ထွန်၊ ကောက်လေ ကောက်လွင့် မြက်တွေကို ပြောင်အောင် ကောက်၊ သေအောင်သတ်ပါ။\r\n- မျိုးသန့်စိုက်မယ့် စပါးခင်းရဲ့ ကန် သင်းတွေပေါ်မှာ မြက်တွေ၊ တခြားစပါး ကောက်လေ၊ ကောက်လွင့်ပင်တွေ အားလုံး ပြောင်အောင်ရှင်း၊ သေအောင် သတ်ပါ။\r\n- တမန်းမျက်နှာပြင်ညီအောင် ညှိပါ။ အတန်းလိုက်စိုက်ပါ။\r\n- စပါးပျိုးထောင်ရန် မျိုးညှောက် ဖောက်တဲ့အခါ အပေါ်က အုပ်တဲ့ကောက် ရိုးကို စပါးစေ့တွေ မပါအောင် သီးသန့် သေချာခါပြီးမှ အုပ်ပါ။\r\n- မျိုးစေ့ကြဲဖို့သုံးမယ့်တောင်းရဲ့ ဒေါင့်တွေမှာ အခြားစပါးတွေကပ် မနေ အောင် သေချာစွာခါပြီးမှ သုံးပါ။\r\n- စပါးစိုက်ပျိုးရင် စပါးခင်း မှို့ ကပ်ချိန်တစ်ကြိမ်၊ ပန်းပွင့်ချိန်တစ်ကြိမ်၊ နို့ရည်စုံချိန် (ရင့်မှည့်ခါစအချိန်) တစ်ကြိမ် မျိုးကွဲနုတ်ပေးပါ။\r\n- ရိတ်သိမ်းတဲ့အခါ သီးခြားရိတ် သိမ်းပါ။ စက်နဲ့ ရိတ်ရင် စက်ထဲမှာ ညှပ်နေ တဲ့ စပါးစေ့တွေ ပြောင်စင်အောင် ခါပြီး မှ ရိတ်ခြွေပါ။\r\n- အိတ်မစွပ်မီ စပါးကို ဖုံခဲ၊ သဲပြောင်စင်အောင် သန့်စင်ပြီး၊ သေချာစွာ အခြောက်လှန်းပါ။ ပြီးမှ အိတ်သွတ်ပါ။ အိတ်သွတ်မယ့် ပီနံအိတ်ကို အသစ် ကိုသာသုံးပါ။ အဟောင်းလုံးဝမသုံးပါနှင့်။\r\n- ကောက်လှိုင်းဖြစ်လျှင် အခြား စပါးကွက်များ ဖြတ်ကျော်ပြီး မသယ်ယူ ပါနှင့်။ ရိတ်တဲ့အကွက်မှာဘဲ တာလပတ် ခင်းခြွေလှေ့ပါ။ ခြွေလှေ့စက်ကို အခြားမျိုး စေ့မကပ်နေအောင် သေချာခါပြီးမှ ခြွေပါ။\r\n- တလင်းစနစ်သုံးလျှင် သေချာပြောင်အောင် တလင်းပြုလုပ်ပါ။ အခြား စပါးမျိုးများနှင့် ရောမထားပါနှင့်။ တလင်း ကပ်အခြားစပါးစေ့များ ပြောင်စင်အောင် လှဲပစ်ပါ။\r\n- သို့လှောင်လျှင် စနစ်တကျ သိုလှောင်ပါ။ စာကလေး၊ကြွက်တို့ ဖျက်ဆီးမှုရန်ကနေ ကင်းအောင် သိုလှောင်ပါ။\r\n- မျိုးစပါးအိတ်တွေ အကြောင်းအမျိုးမျိုးကြောင့် ပေါက်ပြဲလျှင် အိတ်သစ် နှင့် ချက်ချင်းလဲလှယ်ပါ။\r\nအောင်ဆန်း(စိုက်ပျိုးရေး) ရေးသားထားသော ဆောင်းပါးမှ အချက်အလက်များကို ကောက်နှုတ်ဖော်ပြထားပါသည်။', '1691677948.jpg', 'အောင်ဆန်း(စိုက်ပျိုးရေး) ရေးသားထားသော ဆောင်းပါးမှ အချက်အလက်များကို ကောက်နှုတ်ဖော်ပြထားပါသည်။', '#Aventine Ltd. (အာမို) A member of CDSG : Capital Diamond Star Group', '2023-08-10 08:02:28', '2023-08-10 08:02:28');

-- --------------------------------------------------------

--
-- Table structure for table `migrations`
--

CREATE TABLE `migrations` (
  `id` int(10) UNSIGNED NOT NULL,
  `migration` varchar(255) COLLATE utf8mb4_unicode_ci NOT NULL,
  `batch` int(11) NOT NULL
) ENGINE=InnoDB DEFAULT CHARSET=utf8mb4 COLLATE=utf8mb4_unicode_ci;

--
-- Dumping data for table `migrations`
--

INSERT INTO `migrations` (`id`, `migration`, `batch`) VALUES
(1, '2014_10_12_000000_create_users_table', 1),
(2, '2014_10_12_100000_create_password_reset_tokens_table', 1),
(3, '2014_10_12_200000_add_two_factor_columns_to_users_table', 1),
(4, '2019_08_19_000000_create_failed_jobs_table', 1),
(5, '2019_12_14_000001_create_personal_access_tokens_table', 1),
(6, '2023_06_26_121728_create_knowledge_table', 1),
(7, '2023_06_27_115755_create_sessions_table', 1),
(12, '2023_07_25_124214_create_reviews_table', 2),
(13, '2023_07_26_142552_create_new_pesticides_table', 3),
(14, '2023_07_11_133301_create_paddy_bugs_table', 4),
(18, '2023_07_15_114254_create_pesticides_table', 7),
(19, '2023_07_23_033951_create_paddy_types_table', 8);

-- --------------------------------------------------------

--
-- Table structure for table `new_pesticides`
--

CREATE TABLE `new_pesticides` (
  `id` bigint(20) UNSIGNED NOT NULL,
  `name` varchar(255) COLLATE utf8mb4_unicode_ci NOT NULL,
  `image` varchar(255) COLLATE utf8mb4_unicode_ci NOT NULL,
  `use_message` text COLLATE utf8mb4_unicode_ci NOT NULL,
  `use_vegetable` text COLLATE utf8mb4_unicode_ci NOT NULL,
  `use_amount` text COLLATE utf8mb4_unicode_ci NOT NULL,
  `use_advantage` text COLLATE utf8mb4_unicode_ci NOT NULL,
  `paddy_bugs_id` int(11) NOT NULL,
  `amount` varchar(255) COLLATE utf8mb4_unicode_ci NOT NULL,
  `type` varchar(255) COLLATE utf8mb4_unicode_ci NOT NULL,
  `price` int(11) NOT NULL,
  `min` int(11) NOT NULL,
  `max` int(11) NOT NULL,
  `created_at` timestamp NULL DEFAULT NULL,
  `updated_at` timestamp NULL DEFAULT NULL
) ENGINE=InnoDB DEFAULT CHARSET=utf8mb4 COLLATE=utf8mb4_unicode_ci;

--
-- Dumping data for table `new_pesticides`
--

INSERT INTO `new_pesticides` (`id`, `name`, `image`, `use_message`, `use_vegetable`, `use_amount`, `use_advantage`, `paddy_bugs_id`, `amount`, `type`, `price`, `min`, `max`, `created_at`, `updated_at`) VALUES
(1, 'Awba Myay Kaung ( ဩဘာမြေကောင်း )', 'myaykaung.jpg', 'ကြဲပက် ၊ သီးနှံပင်မစိုက်မီ စိုက်ကြောင်းထဲသို့ ထည့်ရန်။', 'စပါး', '\r\nတစ်ဧကလျှင် ၄- ၆ ကီလို', 'စပါးသီးနှံတွင်ကျရောက်သော ဖျက်ပိုးမျိုးစုံကို ကာကွယ် နှိမ်နှင်းပေးသည်။\r\nဆေးအာနိသင် ကြာရှည်ခံသည်။\r\nသုံးစွဲရလွယ်ကူစေပြီး ပိုမိုထိရောက်မှုရှိသည်။ မိုးရွာနေချိန် နှင့် စပါးခင်းအတွင်းဆေးဖျန်းရန်ခက်သောအချိန်များတွင် သင့်တော်သော ဆေးဖြစ်သည်။\r\nစပါးပင်ပွားများ၊ စိမ်းစိုစေပြီး အထွက်နှုန်းတိုးစေပါသည်။', 1, '1000', 'G', 40000, 6000, 8000, NULL, NULL),
(2, 'Fire ( ဖိုင်းယား )', 'phaingyar.jpg', '\r\nရွက်ဖျန်း\r\n', 'ပဲမျိုးစုံ၊ မြေပဲ၊ နှမ်း၊ လိမ္မော်၊ ရှောက်၊ သံပရာ၊ စပါး၊ ဝါ၊ ပြောင်း၊ အာလူး၊ ငရုတ်၊ ဟင်းသီးဟင်းရွက်နှင့် သစ်သီးပင်များ။', 'ရေ ၂၀ လီတာဝင် ဆေးဖျန်းပုံးတစ်ပုံးတွင် ၄၀ – ၆၀ စီစီနှုထည့်ပြီး တစ်ဧကလျှင် ၂၀၀ – ၃၀၀ စီစီဖြင့် ၅ – ၈ ပုံးအသုံးပြုပါ။\r\n', 'တစ်ခြားသော ဖျက်ပိုးမျိုးစုံကိုလည်း နှိမ်နင်းနိုင်ပြီး ပိုးသတ်ဆေးဒဏ် ခံနိုင်ရည် ရှိသော ပိုးမျိုးစိတ်များ ထွက်ပေါ်လာမှုကိုလည်း နည်းစေပါသည်။\r\nစပါးဖျက်ပိုးများကျရောက်ခြင်းမှ ရက်ကြာရှည်စွာ ကာကွယ်မှု ပေးနိုင်သည်။\r\nအပင်ကြီးထွားမှုနှင့် အမြစ်ဖွဲ့စည်းမှု ကို အထောက်အကူ ဖြစ်စေသောကြောင့် စပါးထွက်နှုန်းလဲ တိုးစေပါသည်။\r\nစပါးဆစ်ပိုး၊ ရွက်လိပ်ပိုးတွေအတွက် ဖိုင်းရားတစ်လှည့်၊ ဇွန်ဘီတစ်လှည့်ဖြင့် ၂ကြိမ်ဖျန်းနိုင်ပါတယ်။', 1, '500', 'CC', 5000, 200, 300, NULL, NULL),
(3, 'Zombie ( ဇွန်ဘီ )', 'zombie.jpg', 'ရွက်ဖျန်း', 'စပါး၊ ဝါ၊ ခရမ်းချဉ်၊ အာလူး၊ ဂေါ်ဖီထုပ်၊ ပန်းဂေါ်ဖီ၊ ပဲမျိုးစုံ၊ ခရမ်း။', 'ရေ ၂၀ လီတာဝင် ဆေးဖျန်းပုံးတစ်ပုံးလျှင် ၂၀ – ၃၀ ဂရမ် ထည့်သွင်းပြီး တစ်ဧကလျှင် ၁၀၀ – ၁၅၀ ဂရမ် ဖြင့် ၅ – ၈ ပုံးအသုံးပြုပါ။', '\r\nစပါးတွင် ကျရောက်သော ဆစ်ပိုး၊ ရွက်လိပ်ရွက်ကပ်နှင့် အခြားသီးနှံမျာ တွင်ကျရောက်သော ပိုးမျိုးစုံ အတွက်အထူးကောင်းမွန်သော ဆေးဖြစ်သည်။\r\nအကျိုးပြုမိတ်ဆွေပိုးများအတွက် ထိခိုက်မှုနဲပါးပြီး ပတ်ဝန်းကျင် ထိခိုက်မှုနည်းစေသည်။\r\nအခြားပိုးသတ်ဆေးများနှင့်မတူသောအချက်မှာ အပင်တွင် ထိုးဖေါက်ဝင်ရောက်စားသောက်ဖျက်စီးသော ပိုးများကို ပါ ကာကွယ်နှိမ်နှင်းနိုင်သည်။\r\nဆေးနှုန်းထားနည်းနည်းဖြင့် ဖျက်ပိုးများကို နှိမ်နှင်းနိုင်သဖြင့် စီးပွါးရေးအရ တွက်ချေကိုက်သည်။', 1, '250', 'G', 80000, 100, 150, NULL, NULL),
(4, 'Armotinshant ( အာမိုတင်းရှန့် )', 'armotinshant.jpg', 'ရွက်ဖျန်း', 'ပဲမျိုးစုံ၊ စပါး၊ ငရုတ်နှင့် ဟင်းသီးဟင်းရွက်။', 'ရေ (၄) ဂါလံတွင် သုံးစွဲရန်- ဆေး(၄၀-၆၀) စီစီ [ မြင်းကျားခေါင်း ဟင်းခပ်ဇွန်း (၄-၆) ဇွန်း ]၊၊\r\n', 'ပိုသတ်ဆေးခံနိုင်ရည် ရှိသောပိုများကို နှိမ်နှင်းသည်။\r\nမြေတွင်းအောင်းပိုးများနှင့် မြေကြီးအတွင်းပုန်းခိုးတတ်သောဖျက်ပိုးများ အတွင်မြေအောင်းပိုးသတ်ဆေးအဖြစ်လည်း အသုံးပြုနိုင်သည်။', 1, '550', 'CC', 12000, 400, 500, NULL, NULL),
(5, 'Cartap Hydrochloride ( ကာတက်ပ်ဟိုက်ဒြိုကလိုရိုဒ် )', 'cartaap.jpg', 'ကြဲပက်', 'စပါး', 'တစ်ဧကလျှင် ၇.၅-၁၀ ကီလို', 'အပင်ကြီးထွားမှုနှင့် အမြစ်ဖွဲ့စည်းမှု ကို အထောက်အကူ ဖြစ်စေသောကြောင့် စပါးထွက်နှုန်းလဲ တိုးစေပါသည်။\r\nစပါးသီးနှံတွင်ကျရောက်သော ဖျက်ပိုးမျိုးစုံကို ကာကွယ် နှိမ်နှင်းပေးသည်။\r\nသုံးစွဲရလွယ်ကူစေပြီး ပိုမိုထိရောက်မှုရှိသည်။ မိုးရွာနေချိန် နှင့် စပါးခင်းအတွင်းဆေးဖျန်းရန်ခက်သောအချိန်များတွင် သင့်တော်သော ဆေးဖြစ်သည်။', 2, '70000', 'G', 90000, 7500, 10000, NULL, NULL),
(6, 'Armotinshant ( အာမိုတင်းရှန့် )', 'armotinshant.jpg', '\r\nရွက်ဖျန်း', 'ပဲမျိုးစုံ၊ စပါး၊ ငရုတ်နှင့် ဟင်းသီးဟင်းရွက်။\r\n', 'ရေ (၄) ဂါလံတွင် သုံးစွဲရန်- ဆေး(၄၀-၆၀) စီစီ [ မြင်းကျားခေါင်း ဟင်းခပ်ဇွန်း (၄-၆) ဇွန်း ]၊၊\r\n', 'ပိုသတ်ဆေးခံနိုင်ရည် ရှိသောပိုများကို နှိမ်နှင်းသည်။\r\nမြေတွင်းအောင်းပိုးများနှင့် မြေကြီးအတွင်းပုန်းခိုးတတ်သောဖျက်ပိုးများ အတွင်မြေအောင်းပိုးသတ်ဆေးအဖြစ်လည်း အသုံးပြုနိုင်သည်။', 2, '550', 'CC', 12000, 400, 500, NULL, NULL),
(7, 'Fire ( ဖိုင်းယား )', 'phaingyar.jpg', 'ရွက်ဖျန်း\r\n', 'ပဲမျိုးစုံ၊ မြေပဲ၊ နှမ်း၊ လိမ္မော်၊ ရှောက်၊ သံပရာ၊ စပါး၊ ဝါ၊ ပြောင်း၊ အာလူး၊ ငရုတ်၊ ဟင်းသီးဟင်းရွက်နှင့် သစ်သီးပင်များ။\r\n', 'ရေ ၂၀ လီတာဝင် ဆေးဖျန်းပုံးတစ်ပုံးတွင် ၄၀ – ၆၀ စီစီနှုထည့်ပြီး တစ်ဧကလျှင် ၂၀၀ – ၃၀၀ စီစီဖြင့် ၅ – ၈ ပုံးအသုံးပြုပါ။', 'တစ်ခြားသော ဖျက်ပိုးမျိုးစုံကိုလည်း နှိမ်နင်းနိုင်ပြီး ပိုးသတ်ဆေးဒဏ် ခံနိုင်ရည် ရှိသော ပိုးမျိုးစိတ်များ ထွက်ပေါ်လာမှုကိုလည်း နည်းစေပါသည်။\r\nစပါးဖျက်ပိုးများကျရောက်ခြင်းမှ ရက်ကြာရှည်စွာ ကာကွယ်မှု ပေးနိုင်သည်။\r\nအပင်ကြီးထွားမှုနှင့် အမြစ်ဖွဲ့စည်းမှု ကို အထောက်အကူ ဖြစ်စေသောကြောင့် စပါးထွက်နှုန်းလဲ တိုးစေပါသည်။\r\nစပါးဆစ်ပိုး၊ ရွက်လိပ်ပိုးတွေအတွက် ဖိုင်းရားတစ်လှည့်၊ ဇွန်ဘီတစ်လှည့်ဖြင့် ၂ကြိမ်ဖျန်းနိုင်ပါတယ်။', 3, '500', 'CC', 5000, 200, 300, NULL, NULL),
(8, 'Torpedo ( တော်ပီဒို )', 'thawpido1.jpg', 'ရွက်ဖျန်း', 'ပဲမျိုးစုံ၊ နှမ်း၊ ငရုတ်၊ ကြက်သွန်၊ ဟင်းသီးဟင်းရွက်၊ စပျစ်၊ ဖရဲ၊ သခွား၊ စပါး။', '\r\nရေ ၂၀ လီတာဝင် ဆေးဖျန်းပုံး တစ်ပုံးလျှင် ၄၀ – ၆၀ စီစီ ထည့်သွင်းပြီး တစ်ဧကလျှင် ၂၀၀ – ၃၀၀ စီစီဖြင့် ၅ – ၈ ပုံးအသုံးပြုပါ။', 'သီးနှံစိုက်ခင်းတွင် ကျရောက်သော ကိုက်ဖြတ်ဝါးစားပိုး နှင့် လှေးပိုးများကို အဓိက နှိမ်နှင်းနိုင်သည်။\r\nဆေးတစ်မျိုးတည်းဖြင့် လှေးပိုးကိုသာမက အခြားဖျက် ပိုးများကိုလဲ ထိရောက်စွာနှိမ်နင်းနိုင်ပြီး ကုန်ကျစရိတ် သက်သာစေသည်။\r\nဆေးဖျန်းပြီးပါက သီးနှံပင်ကို အစိမ်းရောင်တာက်ပစေပြီး အမြစ်ဖွံ့ဖြိုးမှု ပိုကောင်းစေသည်။\r\nအခြားပိုးသတ်ဆေးများကို ခံနိုင်ရည်ရှိသော ပိုးများကို ထိ ရောက်စွာ နှိမ်နှင်းနိုင်သည်။', 3, '500', 'CC', 7500, 100, 140, NULL, NULL),
(9, 'Cartap Hydrochloride ( ကာတက်ပ်ဟိုက်ဒြိုကလိုရိုဒ် )', 'cartaap.jpg', 'ကြဲပက်', 'စပါး', 'တစ်ဧကလျှင် ၇.၅-၁၀ ကီလို', 'အပင်ကြီးထွားမှုနှင့် အမြစ်ဖွဲ့စည်းမှု ကို အထောက်အကူ ဖြစ်စေသောကြောင့် စပါးထွက်နှုန်းလဲ တိုးစေပါသည်။\r\nစပါးသီးနှံတွင်ကျရောက်သော ဖျက်ပိုးမျိုးစုံကို ကာကွယ် နှိမ်နှင်းပေးသည်။\r\nသုံးစွဲရလွယ်ကူစေပြီး ပိုမိုထိရောက်မှုရှိသည်။ မိုးရွာနေချိန် နှင့် စပါးခင်းအတွင်းဆေးဖျန်းရန်ခက်သောအချိန်များတွင် သင့်တော်သော ဆေးဖြစ်သည်။', 3, '70000', 'G', 90000, 7500, 10000, NULL, NULL),
(10, 'Azphate ( အဆီဖိတ် )', 'asiphate.jpg', 'ရွက်ဖျန်း', 'စပါး၊ ပဲမျိုးစုံ၊ ဆီထွက်သီးနှံ၊ အာလူး၊ ခရမ်းချဉ်၊ ငရုတ်၊ ကြက်သွန်၊ ပန်းမာလ်အမျိုးမျိုး၊ ဖရဲ၊ သခွား၊ ဂေါ်ဖီ', 'ရေ ၂၀ လီတာဝင် ဆေးဖျန်းပုံးတစ်ပုံးတွင် ဆေး ၅၀ – ၈၀ ဂရမ် ထည့်ပြီး တစ်ဧကလျှင် ၂၅၀ – ၄၀၀ ဂရမ် နှုန်းဖြင့် ၅ – ၈ ပုံးအသုံးပြုပါ။', 'ဆေးဖျန်းထားသော သီးနှံပင်အား ဖျက်ပိုးမှ စားမိပါက ဖျက်ပိုး၏ ခန္တာကိုယ်အတွင်းတွင် ပိုးမို ပြင်းထန်သော အဆိပ်အဖြစ်ပြောင်းသွားပြီး ဖျက်ပိုးကို သတ်ပေးသည်။\r\nပိုးအမျိုးမျိုးကို ကာကွယ်နှိမ်နင်းနိုင်သည့်အပြင် ပန်းပွင့်နှုန်းကို များပြားစေပါသည်။\r\nပိုးအမျိုးမျိုးကို ကာကွယ်နှိမ်နင်းနိုင်သည့်အပြင် ပန်းပွင့်နှုန်းကို များပြားစေပါသည်။', 3, '1000', 'G', 75000, 200, 400, NULL, NULL),
(11, 'Armoboht ( အာမိုဘော့စ် )', 'armoboht.jpg', 'ရွက်ဖျန်း', 'စပါး', 'ရေ (၄) ဂါလံတွင် သုံးစွဲရန် - ဆေး (၂၀-၈၀) စီစီ [ မြင်းကျားခေါင်း ဟင်းခတ်ဇွန်း (၂-၈) ဇွန်း ]\r\n', 'စုပ်စားပိုးများနှင့် ပုန်းခိုကိုက်ဖြတ်စားသောက်သော ပိုးများကို ကောင်းစွာ နှိမ်နှင်းနိုင်သည်။\r\nရွက်ဖျန်းမြေဩဇာနှင့် ဆရာစပ်သုံးစွဲနိုင်သည်။\r\nမြေတွင်းအောင်းပိုး ကာကွယ်သည့်မျူးလူးဆေးလည်းဖြစ်သည်။', 3, '550', 'CC', 9000, 300, 500, NULL, NULL),
(12, 'Armoboht ( အာမိုဘော့စ် )', 'armoboht.jpg', 'ရွက်ဖျန်း', 'စပါး', 'ရေ (၄) ဂါလံတွင် သုံးစွဲရန် - ဆေး (၂၀-၈၀) စီစီ [ မြင်းကျားခေါင်း ဟင်းခတ်ဇွန်း (၂-၈) ဇွန်း ]\r\n', 'စုပ်စားပိုးများနှင့် ပုန်းခိုကိုက်ဖြတ်စားသောက်သော ပိုးများကို ကောင်းစွာ နှိမ်နှင်းနိုင်သည်။\r\nရွက်ဖျန်းမြေဩဇာနှင့် ဆရာစပ်သုံးစွဲနိုင်သည်။\r\nမြေတွင်းအောင်းပိုး ကာကွယ်သည့်မျူးလူးဆေးလည်းဖြစ်သည်။', 4, '550', 'CC', 9000, 300, 500, NULL, NULL),
(13, 'Pydi ( ပိုင်ဒီ )', 'pydi.jpg', 'ရွက်ဖျန်း', 'ပဲမျိုးစုံ၊ ပန်းမျိုးစုံ၊ ဝါ၊ နှမ်း၊ ဂေါ်ဖီ၊ ဟင်းသီးဟင်းရွက်၊ ဖရဲ၊ သခွား၊ စပါး။', 'ရေ ၂၀ လီတာဝင် ဆေးဖျန်းပုံးတစ်ပုံးလျှင် ဆေး ၁၀ – ၂၀ ဂရမ်ထည့်သွင်းပြီး တစ်ဧကလျှင် ၅၀ – ၁၀၀ ဂရမ် ဖြင့် ၅ – ၈ ပုံးအသုံးပြုပါ။ ပိုးဆိုးရွားစွာကျရောက်ပါက ၇ ရက်ခြား ၁ ကြိမ်ဖျန်းပါ။', 'သီးနှံစိုက်ခင်းတွင် စုပ်စားပိုး ဆိုးရွားစွာကျပါကနှိမ်နင်းနိုင်သော ဆေးကောင်းတစ်ခုဖြစ်သည်။\r\nယင်ဖြူ၊ ပျ နှင့် ဖြုတ်ညို ပိုးများ၏ မည်သည့်အဆင့်မဆို အထိရောက်ဆုံးနှိမ်နှင်းနိုင်သည်။\r\nဗိုင်းရပ်စ် ရောဂါများ မဖြစ်စေရန် ကာကွယ်ပေးနိုင်သောကြောင့် သီးနှံ အထွက်နှုန်း နှင့် အရည်အသွေး ပိုမိုကောင်းမွန်စေသည်။', 4, '10', 'G', 4000, 3, 5, NULL, NULL),
(14, 'Zombie ( ဇွန်ဘီ )', 'zombie.jpg', 'ရွက်ဖျန်း', 'စပါး၊ ဝါ၊ ခရမ်းချဉ်၊ အာလူး၊ ဂေါ်ဖီထုပ်၊ ပန်းဂေါ်ဖီ၊ ပဲမျိုးစုံ၊ ခရမ်း။', 'ရေ ၂၀ လီတာဝင် ဆေးဖျန်းပုံးတစ်ပုံးလျှင် ၂၀ – ၃၀ ဂရမ် ထည့်သွင်းပြီး တစ်ဧကလျှင် ၁၀၀ – ၁၅၀ ဂရမ် ဖြင့် ၅ – ၈ ပုံးအသုံးပြုပါ။', '\r\nစပါးတွင် ကျရောက်သော ဆစ်ပိုး၊ ရွက်လိပ်ရွက်ကပ်နှင့် အခြားသီးနှံမျာ တွင်ကျရောက်သော ပိုးမျိုးစုံ အတွက်အထူးကောင်းမွန်သော ဆေးဖြစ်သည်။\r\nအကျိုးပြုမိတ်ဆွေပိုးများအတွက် ထိခိုက်မှုနဲပါးပြီး ပတ်ဝန်းကျင် ထိခိုက်မှုနည်းစေသည်။\r\nအခြားပိုးသတ်ဆေးများနှင့်မတူသောအချက်မှာ အပင်တွင် ထိုးဖေါက်ဝင်ရောက်စားသောက်ဖျက်စီးသော ပိုးများကို ပါ ကာကွယ်နှိမ်နှင်းနိုင်သည်။\r\nဆေးနှုန်းထားနည်းနည်းဖြင့် ဖျက်ပိုးများကို နှိမ်နှင်းနိုင်သဖြင့် စီးပွါးရေးအရ တွက်ချေကိုက်သည်။', 4, '250', 'G', 80000, 100, 150, NULL, NULL),
(15, 'Armominezin ( အာမိုမိုင်စင် )', 'armominezin1.jpg', 'ရွက်ဖျန်း', 'စပါး၊ အာလူး၊ ခရမ်းချဉ်၊ ငရုတ်၊ ကြက်သွန်နှင့် ကွမ်းပင်၊၊\r\n', 'ရေ (၄) ဂါလန်ဝင်ဆေးတစ်ပုံးတွင် အာမိုမိုင်စင် (၃၀ - ၄၀) စီစီ နှုန်းဖြင့် ပက်ဖျန်းပေးနိုင်သည်။ ရောဂါများကို ကြိုတင်ကာကွယ်သည့်အနေဖြင့် ပက်ဖျန်းပေးနိုင်သည်။\r\n', 'ပင်လုံးပြန့်အာနိသင်ရှိပြီး အပင်ရောဂါအဖြစ် မှိုရောဂါများအပြင် ဘက်တီးရီးယားကြောင့် ဖြစ်သော ရောဂါများကို ကာကွယ်ကုသပေးနိုင်သည့် အစွမ်းရှိသည်။\r\nဘက်တီးရီးယားရောဂါများဆက်လက်မဖြစ်ပွားအောင် ထိန်းချုပ်နိုင်စွမ်းရှိသည်။\r\nအာမိုမိုင်စင်ကို ရောဂါစတွေ့ချိန်သာမက ကြိုတင်ကာကွယ်ဆေး အဖြစ်အသုံးပြုနိုင်သည်။', 5, '500', 'CC', 11000, 300, 400, NULL, NULL),
(16, 'Armokayaung ( အာမိုကရောင်း )', 'armokayaung.jpg', 'ရွက်ဖျန်း', 'စပါး', 'ရေ (၄) ဂါလံတွင် သုံးစွဲရန် - ဆေး (၄၀-၆၀) စီစီ [ မြင်းကျားခေါင်း ဟင်းခတ်ဇွန်း (၇-၁၀) ဇွန်း ]\r\n', 'ရွက်ဖျန်းမြေဩဇာနှင့် ‌ေရာစပ်သုံးစွဲနိုင်သည်။\r\nစုပ်စားပိုးများနှင့် ပုန်းခိုကိုက်ဖြတ်စားသောက်သော ပိုးများကို ကောင်းစွာ နှိမ်နှင်းနိုင်သည်။', 5, '100', 'G', 45000, 40, 60, NULL, NULL),
(17, 'Cupromax 85 WP awba ( ကျူပရိုမက် )', 'cupromax.jpg', '\r\nရွက်ဖျန်း', '\r\nစပါး၊ အာလူး၊ သခွား၊ ဖရဲ၊ ပဲမျိုးစုံနှင့် ကြက်သွန်၊၊\r\n', 'ဆေးဖျန်းပုံးတစ်ပုံး (၄၀-၈၀)ဂရမ်နှုန်း။ တစ်ဧကလျှင် (၂၀၀-၄၀၀)ဂရမ်နှုန်း။ တစ်ဧကလျှင် ရေ(၂၀)လီတာဝင် ဆေးဖျန်းပုံး (၅-၈)ပုံး အသုံးပြုပါ။\r\n', 'စပါးဘက်တီးရီးယားရွက်ခြောက်/ရွက်စင်း၊ စပါးမှိုသီးရောဂါ၊ စပါးဂုတ်ကျိုးရောဂါ၊ စပါးရွက်ဖုံးခြောက်ရောဂါများ အဓိကနိမ်နင်းသည်။\r\nဆေးနှုန်းထားနည်းနည်းဖြင့် ဖျက်ပိုးများကို နှိမ်နှင်းနိုင်သဖြင့် စီးပွါးရေးအရ တွက်ချေကိုက်သည်။', 5, '500', 'G', 25000, 200, 400, NULL, NULL),
(18, 'Karcim 2 SL ( ကာစင်၂အက်စ်အယ် )', 'karsin.jpg', 'ရွက်ဖျန်း', 'စပါး၊ အာလူး၊ ခရမ်းချဉ်၊ သခွား၊ ဖရဲ၊ ပဲမျိုးစုံနှင့် ကြက်သွန်၊၊', 'ဆေးဖျန်းပုံးတစ်ပုံး (၁၀၀-၂၄၀)စီစီ နှုန်း။ တစ်ဧကလျှင် (၅၀၀-၁၂၀၀)စီစီ နှုန်း။ တစ်ဧကလျှင် ရေ(၂၀)လီတာဝင် ဆေးဖျန်းပုံး (၅-၈)ပုံး အသုံးပြုပါ။\r\n', 'စပါးဘက်တီးရီးယားရွက်ခြောက်နှင့်စပါးဂုတ်ကျိုးရောဂါများ\r\nအတွက်ပိုပြီးထိရောက်စေသည်။\r\nဆေးနှုန်းထားနည်းနည်းဖြင့် ဖျက်ပိုးများကို နှိမ်နှင်းနိုင်သဖြင့် စီးပွါးရေးအရ တွက်ချေကိုက်သည်။', 5, '500', 'CC', 15000, 100, 240, NULL, NULL),
(19, 'Zolar 25 ec awba ( ဇိုလာ ၂၅ အီစီ )', 'zolar.jpg', '\r\nရွက်ဖျန်း', 'အာလူး၊ ခရမ်းချဉ်၊ ဖရဲ၊ သခွား၊ ငှက်ပျောနှင့် စပါး။', 'ဆေးဖျန်းပုံးတစ်ပုံး (၂၀-၁၀၀)စီစီနှုန်း။ တစ်ဧကလျှင် (၁၀၀-၅၀၀)စီစီနှုန်း။ တစ်ဧကလျှင် ရေ (၂၀)လီတာဝင် ဆေးဖျန်းပုံး (၅-၈)ပုံး အသုံးပြုပါ။', 'သီးနှံအမျိုးမျိုးတွင်ကျရောက်သော မှိုရောဂါအမျိုးမျိုး အဓိကနိမ်နင်းနိုင်သည်။\r\nအာလူး၊ ခရမ်းချဉ်စောပင်နာကျ၊ ပဲသံချေးရောဂါနှင့် စပါးရွက်ညိုရွက်ပြောက်ရောဂါများ၏ မည်သည့်အဆင့်မဆို အထိရောက်ဆုံးနှိမ်နှင်းနိုင်သည်။\r\nအရွက်မှလျင်မြန်စွာထိုးဖောက်စိမ့်ဝင်နိုင်သော အာနိသင်ရှိပြီးဆေးအာနိသင်တာရှည်ခံသဖြင့် ကာကွယ်မှုရောကုသမှုပါ အစွမ်းထက်သည်။', 6, '500', 'CC', 13000, 20, 100, NULL, NULL),
(20, 'Armoazobin ( အာမိုအဇိုဘင် )', 'armoazobin1.jpg', 'ရွက်ဖျန်း', '\r\nစပျစ်၊ ပဲမျိုးစုံ၊ သရက်၊ လိမ္မော်၊ စပါးနှင့် ခရမ်း။\r\n', 'ရေ (၄) ဂါလံဝင်ဆေးတစ်ပုံးအတွက် အာမိုအဇိုဘင် (၂၀ - ၅၀) ဂရမ်နှုန်းနဲ့ တစ်ဧကကို ဆေးပုံး ၅ ပုံးမှ ၆ ပုံးအသုံးပြုပေးပါ။', '\r\nသီးနှံများမှာ ဖြစ်တတ်သော ဖားဥမှို၊ မှဲ့ပြောက်စွန်း၊ ဒေါင်းနီးရွက်ခြောက်ရောဂါများ အပြင် စပါးမှာ အဓိကဖြစ်ပွားတတ်သော စပါးဂုတ်ကျိုးရောဂါ၊ ရွက်ဖုံးခြောက်ရောဂါများကို ဖြေရှင်းပေးပါတယ်။\r\nပဲမျိုးစုံမှာဖြစ်တဲ့ မြစ်ခြောက်ဆွေး၊ ဖရဲသခွားရောဂါဖြစ်တဲ့ ပင်စည်ပုပ်နဲ့ ရိုးကွဲအစေးထွက်ရောဂါများနှင့် စပျစ်အသီးပုပ်၊ သရက်၊ လိမ္မော်ပင်စည်အဖျားပုပ်ရောဂါများ အပြင် ဂန္ဓမာ သံချေးဖြူရောဂါများကို ထိရောက်စွာ ကာကွယ်ကုသပေးနိုင်ပါတယ်။', 6, '100', 'CC', 11000, 80, 120, NULL, NULL),
(21, 'Armovenus ( အာမိုဗီးနပ်စ် )', 'armovenus.jpg', '\r\nရွက်ဖျန်း', 'မြေပဲ၊ အာလူး၊ စပျစ်၊ ပဲမျိုးစုံ၊ သရက်၊ စပါးနှင့် ခရမ်း။\r\n', '\r\nရေ (၄) ဂါလံတွင် သုံးစွဲရန် - ဆေး(၅-၁၀) စီစီ [ မြင်းကျားခေါင်း ဟင်းခပ်ဇွန်း ( ၀.၅-၁ ) ဇွန်း ]\r\n', 'စပါးရွက်ညိုပျောက်ရောဂါ အတွက်ပိုပြီးထိရောက်စေသည်။\r\nဆေးနှုန်းထားနည်းနည်းဖြင့် ဖျက်ပိုးများကို နှိမ်နှင်းနိုင်သဖြင့် စီးပွါးရေးအရ တွက်ချေကိုက်သည်။', 6, '1000', 'CC', 20000, 5, 10, NULL, NULL),
(22, 'Armoazobin ( အာမိုအဇိုဘင် )', 'armoazobin1.jpg', 'ရွက်ဖျန်း', '\r\nစပျစ်၊ ပဲမျိုးစုံ၊ သရက်၊ လိမ္မော်၊ စပါးနှင့် ခရမ်း။\r\n', 'ရေ (၄) ဂါလံဝင်ဆေးတစ်ပုံးအတွက် အာမိုအဇိုဘင် (၂၀ - ၅၀) ဂရမ်နှုန်းနဲ့ တစ်ဧကကို ဆေးပုံး ၅ ပုံးမှ ၆ ပုံးအသုံးပြုပေးပါ။', '\r\nသီးနှံများမှာ ဖြစ်တတ်သော ဖားဥမှို၊ မှဲ့ပြောက်စွန်း၊ ဒေါင်းနီးရွက်ခြောက်ရောဂါများ အပြင် စပါးမှာ အဓိကဖြစ်ပွားတတ်သော စပါးဂုတ်ကျိုးရောဂါ၊ ရွက်ဖုံးခြောက်ရောဂါများကို ဖြေရှင်းပေးပါတယ်။\r\nပဲမျိုးစုံမှာဖြစ်တဲ့ မြစ်ခြောက်ဆွေး၊ ဖရဲသခွားရောဂါဖြစ်တဲ့ ပင်စည်ပုပ်နဲ့ ရိုးကွဲအစေးထွက်ရောဂါများနှင့် စပျစ်အသီးပုပ်၊ သရက်၊ လိမ္မော်ပင်စည်အဖျားပုပ်ရောဂါများ အပြင် ဂန္ဓမာ သံချေးဖြူရောဂါများကို ထိရောက်စွာ ကာကွယ်ကုသပေးနိုင်ပါတယ်။', 7, '100', 'CC', 11000, 80, 120, NULL, NULL),
(23, 'Armovenus ( အာမိုဗီးနပ်စ် )', 'armovenus.jpg', '\r\nရွက်ဖျန်း', 'မြေပဲ၊ အာလူး၊ စပျစ်၊ ပဲမျိုးစုံ၊ သရက်၊ စပါးနှင့် ခရမ်း။\r\n', '\r\nရေ (၄) ဂါလံတွင် သုံးစွဲရန် - ဆေး(၅-၁၀) စီစီ [ မြင်းကျားခေါင်း ဟင်းခပ်ဇွန်း ( ၀.၅-၁ ) ဇွန်း ]\r\n', 'စပါးရွက်ညိုပျောက်ရောဂါ အတွက်ပိုပြီးထိရောက်စေသည်။\r\nဆေးနှုန်းထားနည်းနည်းဖြင့် ဖျက်ပိုးများကို နှိမ်နှင်းနိုင်သဖြင့် စီးပွါးရေးအရ တွက်ချေကိုက်သည်။', 7, '1000', 'CC', 20000, 5, 10, NULL, NULL),
(24, 'No one 70 WP awba ( နိုးဝမ်း )', 'noone.jpg', 'ရွက်ဖျန်း', 'အာလူး၊ ခရမ်းချဉ်၊ ဖရဲ၊ သခွား၊ ငှက်ပျောနှင့် စပါး။\r\n', 'ဆေးဖျန်းပုံးတစ်ပုံးလျှင်(၁၀-၂၀)ဂရမ်။ တစ်ဧကလျှင် (၅၀-၁၀၀) ဂရမ်။ မှတ်ချက်-တစ်ဧကလျှင် ရေ(၂၀)လီတာဝင် ဆေးဖျန်းပုံး(၅-၈) ပုံးအသုံးပြုပါ။\r\n', 'နှံစုပ်ဂျပိုး၊ဖြုတ်ညို၊ဆစ်ပိုး၊စိန်ကွက်ဖလံ၊ပျ၊ဖြုတ်စိမ်း၊ယင်ဖြူ၊သီးထိုးယင်၊ပိုးစေနှဲ၊ဖလံ၊ကော်လိုရာဒိုကျိုင်း၊မွှား၊လှေး၊ရွက်ထွင်းနှင့်ရွက်ကပ်ပိုး အဓိကနိမ်နင်းနိုင်သည်။\r\nအခြားပိုးသတ်ဆေးအုပ်စုများကို ခံနိုင်ရည်ရှိသောအင်းဆက်ဖျက်ပိုးအမျိုးမျိုးကို ထိရောက်စွာနှိမ်နင်းနိုင်သည်။\r\nနောက်ဆုံးပေါ်ပိုးသတ်ဆေးဖြစ်ပြီး ဖြုတ်ညို၊ ဖြုတ်စိမ်း အထူးသတ်ဆေးဖြစ်သည်။ အင်းဆက်ပိုးများ၏ အစာစားချင်စိတ်ကို တားဆီးလိုက်ပြီး အစာငတ်၍သေစေသည်။', 7, '100', 'G', 25000, 50, 100, NULL, NULL),
(25, 'Cupromax 85 WP awba ( ကျူပရိုမက် )', 'cupromax.jpg', '\r\nရွက်ဖျန်း', '\r\nစပါး၊ အာလူး၊ သခွား၊ ဖရဲ၊ ပဲမျိုးစုံနှင့် ကြက်သွန်၊၊\r\n', 'ဆေးဖျန်းပုံးတစ်ပုံး (၄၀-၈၀)ဂရမ်နှုန်း။ တစ်ဧကလျှင် (၂၀၀-၄၀၀)ဂရမ်နှုန်း။ တစ်ဧကလျှင် ရေ(၂၀)လီတာဝင် ဆေးဖျန်းပုံး (၅-၈)ပုံး အသုံးပြုပါ။\r\n', 'စပါးဘက်တီးရီးယားရွက်ခြောက်/ရွက်စင်း၊ စပါးမှိုသီးရောဂါ၊ စပါးဂုတ်ကျိုးရောဂါ၊ စပါးရွက်ဖုံးခြောက်ရောဂါများ အဓိကနိမ်နင်းသည်။\r\nဆေးနှုန်းထားနည်းနည်းဖြင့် ဖျက်ပိုးများကို နှိမ်နှင်းနိုင်သဖြင့် စီးပွါးရေးအရ တွက်ချေကိုက်သည်။', 7, '500', 'G', 25000, 200, 400, NULL, NULL),
(26, 'Cover 25 SC awba ( ကာဗာ )', 'cover.jpg', 'ရွက်ဖျန်း\r\n', '\r\nစပါး၊ ငရုတ်၊ သရက်၊ အာလူးနှင့် ကြက်သွန်၊၊\r\n', 'ဆေးဖျန်းပုံးတစ်ပုံး (၁၀-၂၀)စီစီနှုန်း။ တစ်ဧကလျှင် (၅၀-၁၀၀)စီစီနှုန်း။ တစ်ဧကလျှင် ရေ(၂၀)လီတာဝင် ဆေးဖျန်းပုံး (၅-၈)ပုံး အသုံးပြုပါ။\r\n', 'မှိုရောဂါစပိုးမျိုးစေ့ပေါက်ပွားမှုကို တားဆီးပေးပြီး မှိုမျှင်ကြီးထွားမှုကိုဟန့်တားပေးသောအာနိသင်ရှိသည်။\r\nဆေးနှုန်းထားအနည်းငယ်သာသုံးရသော အစွမ်းထက်မှိုသတ်ဆေးဖြစ်သည်။', 7, '250', 'CC', 13500, 50, 100, NULL, NULL),
(27, 'Ready 505 CC awba( ရယ်ဒီ )', 'ready.jpg', 'ရွက်ဖျန်း', 'သီးနှံမျိုးစုံနှင့် စပါး။', '\r\nရေ (၂၀) လီတာဝင်ဆေးဖျန်းပုံးတစ်ပုံးလျှင် ဆေး (၂၀-၄၀) စီစီနှုန်း ။', 'အခြားပိုးသတ်ဆေးခံနိုင်ရည်ရှိသော ဖျက်ပိုးများကိုနှိမ်နှင်းရန် အထူးထိ ရောက်သည်။\r\nစုပ်စားပိုးများနှင့် ပုန်းခိုကိုက်ဖြတ်စားသောက်သော ပိုးများကို ကောင်းစွာ နှိမ်နှင်းနိုင်သည်။\r\nဆေးနှုန်းထားနည်းနည်းဖြင့် ဖျက်ပိုးများကို နှိမ်နှင်းနိုင်သဖြင့် စီးပွါးရေးအရ တွက်ချေကိုက်သည်။', 7, '1000', 'CC', 15000, 20, 40, NULL, NULL),
(28, 'Dize 32.5 SC awba ( ဒိုင်ဇီ )', 'dizi.jpg', '\r\nရွက်ဖျန်း နှင့် မျိုးစေ့လူးနယ်ခြင်း', '\r\nစပါး၊ ငရုတ်၊ သရက်နှင့် စပျစ်၊၊\r\n', 'ဆေဆေးဖျန်းပုံးတစ်ပုံး (၃၀-၅၀)စီစီနှုန်း။ တစ်ဧကလျှင် (၁၅၀-၂၅၀)စီစီနှုန်း။ တစ်ဧကလျှင် ရေ(၂၀)လီတာဝင် ဆေးဖျန်းပုံး (၅-၈)ပုံး အသုံးပြုပါ။', 'မှိုရောဂါအမျိုးမျိုးကို ကာကွယ်ခြင်း၊ ကုသခြင်းနှင့် အမြစ်ပြတ်သုတ်သင်နိုင်သော ပင်လုံးပြန့်အာနိသင်ရှိ မှိုသတ်ဆေးဖြစ်သည်။\r\nဆေးနှုန်းထားအနည်းငယ်သာသုံးရသော အစွမ်းထက်မှိုသတ်ဆေးဖြစ်သည်။', 7, '500', 'CC', 12000, 150, 250, NULL, NULL),
(29, 'Armominezin ( အာမိုမိုင်စင် )', 'armominezin1.jpg', 'ရွက်ဖျန်း', 'စပါး၊ အာလူး၊ ခရမ်းချဉ်၊ ငရုတ်၊ ကြက်သွန်နှင့် ကွမ်းပင်၊၊\r\n', 'ရေ (၄) ဂါလန်ဝင်ဆေးတစ်ပုံးတွင် အာမိုမိုင်စင် (၃၀ - ၄၀) စီစီ နှုန်းဖြင့် ပက်ဖျန်းပေးနိုင်သည်။ ရောဂါများကို ကြိုတင်ကာကွယ်သည့်အနေဖြင့် ပက်ဖျန်းပေးနိုင်သည်။\r\n', 'ပင်လုံးပြန့်အာနိသင်ရှိပြီး အပင်ရောဂါအဖြစ် မှိုရောဂါများအပြင် ဘက်တီးရီးယားကြောင့် ဖြစ်သော ရောဂါများကို ကာကွယ်ကုသပေးနိုင်သည့် အစွမ်းရှိသည်။\r\nဘက်တီးရီးယားရောဂါများဆက်လက်မဖြစ်ပွားအောင် ထိန်းချုပ်နိုင်စွမ်းရှိသည်။\r\nအာမိုမိုင်စင်ကို ရောဂါစတွေ့ချိန်သာမက ကြိုတင်ကာကွယ်ဆေး အဖြစ်အသုံးပြုနိုင်သည်။', 8, '500', 'CC', 11000, 300, 400, NULL, NULL),
(30, 'Pyricide 40 SC awba ( ပိုင်ရီဆိုက် )', 'piriside.jpg', 'ရွက်ဖျန်း\r\n', '\r\nစပါး၊', '\r\nဆေးဖျန်းပုံးတစ်ပုံး (၄၀-၆၀)စီစီနှုန်း။ တစ်ဧကလျှင် (၂၀၀-၃၀၀)စီစီနှုန်း။ တစ်ဧကလျှင် ရေ(၂၀)လီတာဝင် ဆေးဖျန်းပုံး (၅-၈)ပုံး အသုံးပြုပါ။', 'စပါးဂုတ်ကျိုးရောဂါကို အဓိကနိမ်နင်းသည်။\r\nအရွက်၊ပင်စည်၊အကိုင်းအခက်နှင့် စပါးနှံများတွင် ကျရောက်သောဂုတ်ကျိုးရောဂါအဆင့်တိုင်းကို ကာကွယ်ကုသနိုင်သည်။\r\nမျိုးစေ့ဖြင့်လူးနယ်စိုက်ပျိုးခြင်း၊ပျိုးပင်ငယ်၏အမြစ်ကိုဆေးရည်စိမ်စိုက်ပျိုးခြင်းနှင့် အပင်ပေါ်ဖျန်းခြင်းနည်းလမ်းများကို အသုံးပြုနိုင်သည်။', 8, '500', 'CC', 16000, 200, 300, NULL, NULL);

-- --------------------------------------------------------

--
-- Table structure for table `paddy_bugs`
--

CREATE TABLE `paddy_bugs` (
  `id` bigint(20) UNSIGNED NOT NULL,
  `name` text COLLATE utf8mb4_unicode_ci NOT NULL,
  `article` varchar(255) COLLATE utf8mb4_unicode_ci NOT NULL,
  `image` varchar(255) COLLATE utf8mb4_unicode_ci NOT NULL,
  `body` text COLLATE utf8mb4_unicode_ci NOT NULL,
  `pervention_method` text COLLATE utf8mb4_unicode_ci NOT NULL,
  `created_at` timestamp NULL DEFAULT NULL,
  `updated_at` timestamp NULL DEFAULT NULL
) ENGINE=InnoDB DEFAULT CHARSET=utf8mb4 COLLATE=utf8mb4_unicode_ci;

--
-- Dumping data for table `paddy_bugs`
--

INSERT INTO `paddy_bugs` (`id`, `name`, `article`, `image`, `body`, `pervention_method`, `created_at`, `updated_at`) VALUES
(1, 'Grasshopper( နှံစုပ်ပိုး )', 'Sike Nyan', '1691155935.jpg', 'စပါးနှံစုပ်ပိုးတွေဟာ စပါးပန်းပွင့်စ စပါးနှံအဆင့်ကနေ နိုရည်နုစတည်တဲ့အဆင့်အထိ ဖွံဖြိုးနေတဲ့ စပါးစေ့ထဲက အစေ့တွင်းစာတွေကို စုပ်ယူတာကြောင့် အဆံမပြည့်တဲ့စပါးစေ့ ဒါမှမဟုတ် စပါးဖျင်းတွေကို ဖြစ်စေပြီး အရောင်ပျက်စေပါတယ်။ အရွယ်မရောက်တဲ့ စပါးနှံစုပ်ပိုးရော အရွယ်ရောက် စပါးနှံစုပ်ပိုးပါ စပါးစေ့များကိုစားကြပါတယ်။ များပြားတဲ့ စပါးနှံစုပ်ပိုးအရေအတွက်ဖြစ်ရတဲ့ အကြောင်းကတော့ အနီးနားက သစ်တော၊ စပါးခင်းနားက မြောက်မြားစွာသော ပေါင်းတွေ၊ ရေနုတ်မြောင်းနားက မြက်ရိုင်းပင်တွေနဲ့ စပါးစိုက်ချိန် မညီတာကြောင့်ဖြစ်ပါတယ်။ ဒီအင်းဆက်ဟာ မုန်သုန်မိုးစလာရင်လည်း တက်ကြွလာပါတယ်။ ပူနွေးတဲ့ ရာသီဥတု၊ မိုးအုံနေတာနဲ့ မကြာခဏ မိုးဖွဲကျတာဟာ ဒီဖျက်ပိုး ပွားများမှုကို အားပေးပါတယ်၊၊', '• သီးနှံပလပ်ကာလအတောအတွင်း စပါးနှံစုပ်ပိုး မျိုးပွားမှုကို ကာကွယ်ဖို စပါးခင်းထဲနဲ့ ပတ်လည် ဧရိယာက ပေါင်းပင်များကို ဖယ်ရှားပါ။\r\n• မြေသြဇာနဲ့ ရေကို ညီမျှစွာကျွေးပါ။ စပါးစိုက်ချိန်ညီခြင်းဟာလည်း ဒီဖျက်ပိုးပြဿနာကို လျော့နည်းစေပါတယ်။\r\n• မနက်ခင်းအစောပိုင်း ဒါမှမဟုတ် ညနေနှောင်းပိုင်းမှာ စပါးနှံစုပ်ပိုးကို ပိုက်ကွန်နဲ့ ဖမ်းတာဟာ လုပ်အားကုန်ပေမဲ့ စပါးနှံစုပ်ပိုးအရေအတွက်နည်းနေတဲ့အချိန်မှာ ထိရောက်နိုင်ပါတယ်။\r\n• ဇီဝထိန်းချုပ်ပိုးမွှားတွေဖြစ်ကြတဲ့ နဂျီအချို၊ နှံကောင်တွေနဲ့ ပင့်ကူတွေဟာ စပါးနှံစုပ်ပိုးရဲ့ အရွယ်ရောက်ကောင်တွေနဲ့ဥတွေကို စားကြပါတယ်။ ပိုးသတ်ဆေးကို မဆင်မခြင်သုံးစွဲရင် ဒီဖျက်ပိုး အများကြီး ဖြစ်လာတတ်ပါတယ်။', '2023-07-23 13:12:17', '2023-08-04 07:02:15'),
(2, 'Tortoise cocoon    ( ရွက်လိပ်အိမ်ပိုး )', 'Than Htun Aung', '1691741989.jpg', 'စပါးရွက်လိပ်အိမ်ပိုးဟာ စပါးရွက်အိမ်တွေလုပ်ဖို စပါးရွက်ထိပ်ဖျားတွေကို ဖြတ်ပါတယ်။ ၄င်းတိုရဲ့ စားသောက်ဖျက်ဆီးမှုဟာ ကပ်ကြေးနဲ့ညှပ်သလိုပဲ စပါးရွက်တွေကို ထောင့်မှန်ကျကျ ညှပ်ပါတယ်။ ဒီအင်းဆက်ဟာ ရေသေရှိတဲ့ လယ်မြေရော ဆည်ရေသောက်စပါးခင်းတွေမှာ အများဆုံး တွေ့ရလေ့ရှိပါတယ်။ ပျိုးပင်ငယ်တွေကို ရွှေ့ပြောင်းစိုက်တာဟာလည်း ဒီအင်းဆက်ဖွံဖြိုးမှုကို အားပေးပါတယ်။ အရွယ်ရောက်ကောင်တွေဟာ ညထွက်ကောင်တွေဖြစ်ကြပြီး အလင်းရောင်ထောက်ချောက်နဲ့ ဖမ်းနိုင်ပါတယ်။ လောက်ကောင်ဟာ စပါးရွက်အိမ်ထဲမှာ ပုန်းအောင်းနေပြီးနောက် နေ့ဖက်မှာ ရေပေါ်မှာပေါလောပေါ်နေပြီး ၄င်းရဲ့ စပါးရွက်အိမ်နဲ့အတူ စပါးပင်ပေါ်ကို တက်သွားပါတယ်။ ဆိုးဝါးတဲ့ဖျက်ဆီးမှုကို မိုးရာသီအတွင်း စပါးပင်ပုပြီး သိပ်သည်းကာ ပင်ပွားအများကြီးထွက်ပြီး အထွက်ကောင်းစပါးမျိုးများမှာ မကြာခဏဆိုသလို တွေ့ရပါတယ်၊၊', '• မြေသြဇာကို သင့်တင့်မျှတစွာကျွေးပါ။\r\n• စပါးစိုက်ရာသီအတွင်း စောစောစိုက်ကာ ပင်ကြားတန်းကြား ၃၀ x၂၀ စင်တီမီတာ (၁၀ x ၈) လက်မဖြင့် စိုက်ပါ။\r\n• စပါးခင်းထဲကရေတွေကို ထုတ်ပစ်ပါ။\r\n• သက်တမ်းရင့် စပါးပျိုးပင်တွေကို ရွှေ့ပြောင်းစိုက်ပါ။ ခပ်ကျဲကျဲစိုက်တာဟာလည်း ပျက်စီးမှုကို လျော့နည်းစေပါတယ်။\r\n• စပါးလမိုင်းထားပါ။\r\n• စပါးရွက်လိပ်အိမ်ပိုးရဲ့ ဥတွေကိုစားတဲ့ ခရုတွေ၊ လောက်ကောင်တွေကိုစားတဲ့ ဟိုက်ဒြိုဖီးလစ်နဲ့ ဒိုင်တစ်စစ်ရေနေကျိုင်းတွေ၊ အကောင်ကြီးတွေကိုစားတဲ့ ပင့်ကူတွေ၊ ပုစဉ်းတွေနဲ့ငှက်တွေလို ဇီဝထိန်းချုပ်ပိုးမွှားတွေကို ပွားမြားလာအောင်အားပေးပါ။\r\n• ရွက်ဖျန်းကာဘာမိတ်ပိုးသတ်ဆေးများကို အသုံးပြုပြီး ဆေးဂန္ဓမာအသုံးပြုခြင်းကို ရှောင်ရှားပါ။', '2023-07-23 13:13:11', '2023-08-11 01:49:49'),
(3, 'Jointworm ( ဆစ်ပိုး )', 'Thu Yein', '1691742544.jpg', 'စပါးဆစ်ပိုးတွေဟာ ပျိုးပင်ကနေ ရင့်မှည့်ချိန်အထိ စပါးပင်ရဲ့ ဘယ်အဆင့်မှာမဆို ဖျက်ဆီးနိုင်ပါတယ်။ ၄င်းတိုဟာ ပင်ပွားများကို စားသောက်ကြပြီး ပင်ပိုင်းကြီးထွားမှုအဆင့်မှာ ဗဟိုပင်ပွားတွေကို အူပုပ်ခြင်း ဒါမှမဟုတ် ခြောက်သွေ့ခြင်းကို ဖြစ်စေကာ မျိုးပွားအဆင့်မှာ နှံဖြူခြင်းကို ဖြစ်စေပါတယ်။ စပါးဆစ်ပိုးလောက်ကောင်တွေဟာ ပင်ပိုင်းကြီးထွားမှုအဆင့်မှာ စပါးပင်ရဲ့အခြေကို ထိုးဖောက်ဝင်ရောက်ပါတယ်။ ပိုမိုအသက်ကြီးတဲ့စပါးပင်တွေမှာ အပေါ်ပိုင်းအဆစ်တွေကတ်ဆင့် ထိုးဖောက်ဝင်ရောက်ပြီး စပါးပင်ခြေဖက်ပို စားသောက်ကြပါတယ်။ နိုက်ထရိုဂျင်ဓါတ်များတဲ့ စပါးခင်းတွေမှာ စပါးဆစ်ပိုးအရေအတွက်ပွားများမှုကို အားပေး ပါတယ်။ အစောစိုက်စပါးခင်းထက် နောက်ကျစိုက်စပါးခင်းမှာ စပါးဆစ်ပိုးဖျက်ဆီးမှု ပိုမိုများပါတယ်။ စပါးခင်းထဲက စပါးရိုးပြတ်တွေမှာ စပါးဆစ်ပိုးလောက်ကောင် ဒါမှမဟုတ် ရုပ်ဖုံးတွေ အခြေချနေထိုင်ပါတယ်။', '• စပါးဆစ်ပိုးခံနိုင်ရည်ရှိသော စပါးမျိုးကို ရွေးချယ်စိုက်ပျိုးပါ။\r\n• ပျိုးခင်းနဲ့ ရွှေ့ပြောင်းစိုက်တဲ့အချိန်တွေမှာ ဥမြုံတွေကို လက်နဲ့ကောက်ယူဖျက်ဆီးပါ။\r\n• စပါးပင်အောက်ခြေမှာရှိတဲ့ ဥတွေကို ရေနှစ်သတ်ဖို သွင်းရေအမြင့်ကို အခါအားလျော်စွာ ပုံမှန်မြှင့်ပေးပါ။\r\n• ရွှေ့ပြောင်းမစိုက်ပျိုးမီ ပျိုးခင်းကနေ စပါးခင်းထဲကို ဆစ်ပိုးဥတွေပါလာတာ လျော့ကျစေဖို စပါးရွက်ထိပ်ဖျားများကို ဖြတ်ပါ။\r\n• အချိန်ကိုက်စိုက်ပြီး တစ်ပြိုင်တည်းစိုက်ကာ ရိုးပြတ်က လောက်ကောင်တွေကို ဖယ်ရှားဖို မြေမျက်နှာပြင်ကနေ စပါးကိုရိတ်ကာ ရိုးပြတ်တွေနဲ့ စပါးမျိုးရိုင်းတွေကို ဖယ်ရှားပြီး စပါးခင်းထဲမှာ ထယ်ထိုးရေလွှမ်းပါ။\r\n• ရွှေ့ပြောင်းစိုက်ပြီး (၁) လခန့်မှစတင်ကာ တစ်ကွင်းတစ်စပ်တည်း အပတ်စဉ် မီးထောင်ချောက် ထွန်းပါ။\r\n• ထရိုင်ခိုဂရားမားနဂျီ၊ ပုရွက်ဆိတ်၊ လိပ်ခုံးကျိုင်း၊ ပုစဉ်း၊ ပင့်ကူတိုလို ဇီဝထိန်းချုပ်သက်ရှိတွေကို ထိန်းသိမ်းဖို အဝါရောင် ဒါမှမဟုတ် အဖြူရောင်ပွင့်တဲ့ ရုံးပတီ၊ နေကြာ၊ ခွေးသေးပန်း၊ ဘိစပ်ပင် စတာတွေကို စိုက်ပါ။\r\n• နိုက်ထရိုဂျင်မြေသြဇာကို အကြိမ်ကြိမ်ခွဲပြီး ထောက်ခံနှုန်းထားအတိုင်း အချိန်ကိုက် အသုံးပြုပါ။', '2023-07-23 13:13:44', '2023-08-11 01:59:04'),
(4, 'Brown Plant Hopper ( ဖြုတ်ညို )', 'chewchew', '5.jpg', 'ဖြုတ်ညိုသည် ဥအရေအတွက် (၄) ဥမှ (၁၀) ဥအထိကို စပါးရွက်ပြားများ၏ ရွယ်လယ်ရိုးပေါ်တွင် အစုလိုက်အပြုံလိုက် အုပါသည်။ ဥအုပြီး ၄ − ၈ ရက်အကြာတွင် အကောင်ပေါက် လာကြသည်။ အရေခွံ ၄ − ၅ ကြိမ်လဲပြီး အကောင်ကြီးဖြစ်လာသည်။ အကောင်ကြီး အဆင့်တွင် အတောင်တိုနှင့် အတောင်ရှည်ဟူ၍ ပုံစံ (၂) မျိုးရှိပါသည်။ ဖြုတ်ကျောဖြူသည် ဥများကို စပါးပင်စည်ထဲ (သိုမဟုတ်) ရွက်လယ်ရိုး တစ်လျှောက် အုသည်။ ပိုးမမည်သည် အဆင့် (၅) ဆင့် အရေခွံလဲရန် ၁၂ − ၁၈ ရက်ကြာသည်။ အရွယ်ရောက်ကောင်သည် ၂ − ၃ မီလီမီတာရှည်ပြီး ဦးခေါင်းနှင့်ရင်အုပ်ပိုင်းကို ဖုံးထားသော ကျောပေါ်ရှိ ဒိုင်းပုံအလယ်ဗဟိုတွင် အဖြူရောင်အစင်းကြောင်းနှင့်အတူ အညိုဖျော့ရောင်ရှိသော အကောင်ဖြစ်ပါသည်။ မိုးကောင်းသောက်လယ်ရော ဆည်ရေသောက်လယ်များပါ ကျရောက်ဖျက်ဆီးလေ့ရှိကြပါသည်။ တိမ်ထူထပ်သောအခြေအနေ၊ နေ့အပူချိန်နှင့် လေထုစိုထိုင်းဆမြင့်မားခြင်း၊ စပါးခင်းတွင် စိုထိုင်းဆများခြင်း၊ ယူရီးယားမြေသြဇာသုံးစွဲမှုများခြင်း၊ အရိပ်ကျပြီး လေဝင်လေထွက်မကောင်းခြင်း၊ မိုးများခြင်း/ရေများခြင်း၊ စပါးခင်းထဲတွင် အရိပ်ထူပြီး စိုထိုင်းစရှိခြင်းတိုသည် စပါးဖြုတ်ညိုကို အတွေ့ရများစေပါသည်။ အထူးသဖြင့် စပါးပင်ခြေ၊ ရေနှင့်ထိစပ်သောနေရာတွင် အတွေ့ရများပါသည်။ အပူချိန် ၂၅ °C ဝန်းကျင်ရှိတွင် ဥမှအကောင်ပေါက်နှုန်းနှင့် ရှင်သန်နှုန်း အမြင့်ဆုံးဖြစ်သည်။ အပူချိန် ၂၈ °C မှ ၃၀ °C သည် အကောင်အရေအတွက် အများဆုံးကို ဖြစ်စေသည်။ စပါးပျိုးခင်းမှ အနှံသန္ဓေတည်စ အချိန်အထိ ကျရောက်ဖျက်ဆီးတတ်ပါသည်။', '• သက်လျင် (သက်တမ်းတို) စပါးမျိုးကိုစိုက်ပျိုးပါ။\r\n• (၂) နှစ်ကျော် စိုက်ပျိုးပြီး စပါးမျိုးများကို မျိုးလဲစိုက်ပျိုးပါ။\r\n• ဖြစ်နိုင်သမျှ တစ်ချိန်တည်း၊ တစ်ပြိုင်တည်း စိုက်ပါ။ (စိုက်ချိန်ကွာဟရက် ၂ − ၃ ပတ်ထက် မပိုပါစေနှင့်)\r\n• အပင်စိပ်စိပ်စိုက်ခြင်းကို ရှောင်ကြဉ်ပါ။\r\n• ဧရိယာအကျယ်ကြီးတွင် စပါးမျိုးတစ်မျိုးတည်းစိုက်ပျိုးခြင်းကို ရှောင်ကြဉ်ပါ။\r\n• လက်ခံပင်ပေါင်းမြက်များ (ဝမ်းဘဲစာ၊ မြက်မုံညင်း) ကို ဖယ်ရှားပါ။\r\n• စပါးမဟုတ်သော အခြားသီးနှံဖြင့် သီးလှည့်စိုက်ပါ။ (စပါးပြီးစပါးထပ်မစိုက်ပါနှင့်)\r\n• ဖြစ်နိုင်သမျှ အချိန်တိုင်း၊ နေရာတိုင်းတွင် သီးနှံစုံစိုက်ပျိုးပါ။\r\n• စပါးပင်စည်ပေါ်နှင့် ရေမျက်နှာပြင်ပေါ်တွင် ဖြုတ်ပိုးရှိမရှိ စပါးပျိုးခင်းကို နေ့စဉ်၊ စပါးခင်းကို အပတ်စဉ် ရှာဖွေပါ။\r\n• သဘာဝသားရဲကောင်များ မသေဆုံးစေရန် လိုအပ်မှသာ ဆေးဖျန်းပါ။\r\n• တတ်နိုင်သမျှ စပါးပင်ကြီးထွားမှုအစောပိုင်းအဆင့် (စိုက်ပြီး ရက် − ၄၀ အတွင်း) တွင် ဘက်စုံသုံးပိုးသတ်ဆေး (ဥပမာ − ဆိုက်ပါမက်သရင်း၊ ဒယ်လ်တာ မက်သရင်း၊ အဘာမက်တင်၊ ကလိုပိုင်ရီဖော့စ်) ပက်ဖျန်းခြင်းကို ရှောင်ကြဉ်ပါ။', '2023-07-23 13:14:10', '2023-07-23 13:14:10'),
(5, 'Bacterial blight ( စပါးဘတ်တီးရီးယားရွက်ခြောက်ရောဂါ )', 'yaminthu', '7.jpg', 'စပါးဘတ်တီးရီးယားရွက်ခြောက်ရောဂါသည် ပေါင်းမြက်ပင်များနှင့် ရောဂါကျစပါးရိုးပြတ်များရှိသော လယ်ကွက်များတွင် ပိုမိုဖြစ်ပွါး တတ်သည်။ ၎င်းကိုအပူပိုင်းဒေသနှင့် သမပိုင်းဒေသ နှစ်မျိုးစလုံးတွင်တွေ့ရှိနိုင်ပြီး၊ အထူးသဖြင့် ရေသွင်း စိုက်ခင်းနှင့် မိုးကောင်းသောက်လယ်မြေများတွင်တွေ့ရသည်။ ယျေဘူယအားဖြင့် ဤရောဂါသည် အပူချိန် ၂၅ မှ ၄၃ ဒီဂရီ ဆား(လ)စီးယပ်(စ) နှင့် စိုထိုင်းဆ ၇၀% အထက်တွင် ကျရောက်မှုအများဆုံးဖြစ်သည်။ လေပြင်းတိုက်ခတ်ခြင်းနှင့် မိုးသည်းထန်စွာဆက်တိုက်ရွာခြင်းတိုဖြစ်ပြီးလျှင် ဤရောဂါကိုမြင်တွေ့ရလေ့ ရှိသည်။ အကြောင်းမှာ လေပြင်းနှင့်မိုးသည်းတိုသည် ရောဂါကျအပင်၏အနာပြောက်ပေါ်တွင် စိမ့်ထွက်နေ သည့် ဘက်တီးရီးယားအစုဝေးကို လွယ်ကူစွာပြန့်နှံစေသောကြောင့်ဖြစ်သည်။ စပါးဘက်တီးရီးယားရွက်ခြောက်ရောဂါသည် နိုက်တြိုဂျင်မြေသြဇာနှုးထားမြင့်မားစွာ ကျွေးထားပါက ခံနိုင်ရည်မဲ့သည့် စပါးမျိုးများတွင် ဆိုးရွားပြင်းထန်စွာကျရောက်ဖြစ်ပွါးသည်။', '• ရောဂါဒါဂါဒါဏ်ခံနိုင်ရည်ရှိသော စပါးမျိုးကိုစိုက်ပျိုးခြင်းသည် အထိရောက်ဆုံး၊ အလွယ်ကူဆုံးနှင့် ကုန်ကျ စရိတ် အသက်သာဆုံးသော ကာကွယ်နှိမ်နင်းနည်းဖြစ်သည်။\r\n• ပျိုးခင်း ရေမလျှံစေရ။\r\n• အပင်အာဟာရဓါတ်များ (အထူးသဖြင့် နိုက်တြိုဂျင်) ကိုညီမျှစွာသုံးစွဲခြင်း\r\n• စိုက်ခင်းနှင့်ပျိုးခင်းတိုတွင် ရေသွင်းရေထုတ်စံနစ် ကောင်းမွန်အောင်ဆောင်ရွက်ခြင်း\r\n• စိုက်ခင်းကိုသန့်ရှင်းအောင်ထားခြင်း\r\n• ပေါင်းပင်များကိုဖယ်ရှားပြီး ရိုးပြတ်၊ ကောက်ရိုး တိုကိုမီးရှိရမည်။ လမိုင်းအပင်များ၊ ယခင်နှစ်ကကျန်ရစ်ခဲ့ သောမျိုးစေ့များမှ ပေါက်လာသောအပင်ငယ်များ ကိုထယ်လှန်ထိုးပစ်ရမည်။ ၎င်းတိုသည်ဤ ဘက်တီးရီးယား၏ လက္ခံပင် များ ဖြစ်လာနိုင်သောကြောင့်ဖြစ်သည်။\r\n• စိုက်ခင်းကို မြေလှပ်ထားရမည်။ မြေကြီူခြောက်သွားပြီး အပင်အကြွင်းအကျန်အစိတ်အပိုင်းနှင့် မြေကြီးထဲရှိ ရောဂါဖြစ်ကြောင်းဘက်တီးရီးယားကို သေစေရန်ဖြစ်သည်။', '2023-07-23 13:14:34', '2023-07-23 13:14:34'),
(6, 'Brown leaf spot ( စပါးရွက်ညိုပျောက်ရောဂါ )', 'hnin', '9.jpg', 'စပါးရွက်ညိုပြောက်ရောဂါသည် စပါးစိုက်ဒေသတိုင်းမှာ ဖြစ်ပွားနိုင်သည့် ရောဂါဖြစ်စေသည့် သက်ရှိမှိဖြစ်သည်။ အဆိုပါမှိသည် စပါးရွက်ပေါ်တွင် ကျရောက်ပါက ရောဂါလက္ခဏာကို အရွက်နှင့် အစေ့များပေါ်တွင် အဓိကတွေ့ရသော်လည်း စေ့ရွက်အောက်ထွက်စ၊ ရွက်ဖုံး၊ အနှံခက်များပေါ်တွင်လည်း တွေ့ရှိနိုင်သည်။ အရွက်ပေါ်တွင်အစက်ငယ်မှ နှမ်းစေ့အရွယ်၊ တစ်ခါတစ်ရံတစ်စင်တီမီတာအရွယ်အထိရှိသော ဘဲဥပုံ အညိုရောင်ပြောက်များ ညီညာစွာပြန့်ကျဲဖြစ်ပေါ်နေသည်။ မြေတွင် နိုက်ထရိုဂျင်ဓာတ် လွန်ကဲခြင်းနှင့် အာဟာရ ချိုတဲ့ခြင်းများသည် အဆိုပါမှိရောဂါကို ပိုမိုဖြစ်ပေါ်စေရန် တွန်းအားပေးနေသည်ကို တွေ့ရသည်။ ထိုပြင် ရေသွင်းရေထုတ် ညံ့ဖျင်းသဖြင့် မြေဆီလွှာအတွင်း ဓာတ်လျော့မှုလွန်ကဲစွာ ဖြစ်ပေါ်သော မြေများတွင် ရောဂါကို ပိုမိုဖြစ်ပေါ်စေရန် အခွင့်အလမ်းသာသည်။ စပါးပင်သည် မဂ္ဂနီးစ်၊ဆီလီကာ၊ ဖော့စ်ဖရပ်၊ ပိုတက်စီယမ်၊နိုက်ထရိုဂျင် စသောဓာတ်များ ချိုတဲ့ပါကရောဂါပို ဖြစ်စေနိုင်သည်။ တမန်းအပုပ်လွန်သော လယ်မြေများတွင် ဟိုက်ဒရိုဂျင်ဆာလ်ဖိုဒ်ဓာတ်ငွေ့များထွက်သဖြင့် ဆီလီကာနှင့် ပိုတက်စီယမ်ဓာတ်တိုကို အပင်က ပုံမှန်အတိုင်း မစုပ်ယူနိုင်သောအခါ ရောဂါပိုမိုဖြစ်စေသည်။', '• ရောဂါကင်းသော မျိုးစေ့ကို ရွေးချယ်စိုက်ပါ။\r\n• ရောဂါရစပါးစိုက်ခင်းရဲ့ ရိုးပြတ်များ၊ ပင်ကြွင်းပင်ကျန်များ မီးရှိပါ။\r\n• ကန်သင်းပေါ်ရှိ ပေါင်းမြက်နဲ့စပါးရိုင်းပင်များ သုတ်သင်မီးရှိပါ။\r\n• သဘာဝမြေသြဇာ မဖြစ်မနေသုံးပါ။\r\n• မျိုးစေ့ကိုဆားရည်စိမ်ပြီးမှစိုက်ပျိုးပါ။\r\n• ရောဂါလက္ခဏာစတွေ့သည်နှင့် မှိသတ်ဆေးတစ်မျိုးမျိုးကို တစ်ပတ်ခြားတစ်ကြိမ် ပက်ဖျန်းပေးပါ။\r\n• ဆေးဖျန်းပြီးလျှင် တစ်ဧက ပိုတက်ရှ်မြေသြဇာ ၁၅ ပေါင်မှ ပေါင် ၂၀ ခန့်ကြဲပက်ပေးပါ။', '2023-07-23 13:15:30', '2023-07-23 13:15:30'),
(7, 'Rice leaf spot disease ( စပါးရွက်ဖုံးရောဂါ )', 'boon', '11.jpg', 'စပါးရွက်ဖုံးခြောက်ရောဂါသည် Rhizoctoniasolani မှိကြောင့်ဖြစ်သည့် မှိရောဂါတစ်မျိုး ဖြစ်ပါသည်။ ရောဂါကျနေသော အရွက်များသည် ဆက်လက်ကြီးထွားဖွံဖြိုးခြင်းမရှိပဲ ခြောက်သွေ့ပြီး လျှင်မြန်စွာ သေဆုံးတတ်သည်။ ငယ်ရွယ်သော ပင်ပွားများလည်း ပျက်စီးတတ်သည်။ အကျိုးဆက်အားဖြင့် ဤရောဂါကြောင့် စပါးပင် တစ်မြုံလုံး၏ အရွက်ဧရိယာသည် များစွာလျော့နည်းသွားသည်။ အရွက်ဧရိယာ လျော့နည်းခြင်း၊ အရွက်များ ခြောက်သေခြင်း၊ နုငယ်သော ပင်ပွားများ တိုက်ခိုက်ခံရခြင်းတိုသည် အထွက်နှုန်း လျော့နည်းစေသော အခြေခံ အကြောင်းတရားများ ဖြစ်ပေသည်။ ရွက်ဖုံးခြောက်ရောဂါသည် အပူချိန်မြင့်မားသော၊ နိုက်တြိုဂျင် ဓါတ်မြေသြဇာ ထည့်သွင်းမုှမြင့်မားသော၊ အပင်မြုံအတွင်းရှိ စိုထိုင်းဆ ၈၅-၁၀၀% အထိမြင့်မားသော ဒေသများတွင် ဖြစ်ပွားသည်။ မိုးရာသီတွင် အပင်များ ရောဂါပိုမို ကျရောက်သည်။ မျိုးစေ့နှုန်းထား ပိုမို သုံးစွဲခြင်း၊ အပင်များ စိပ်စိပ် စိုက်ခြင်း၊ အပင်မြံု သိပ်သည်း ထူထဲခြင်း၊ မြေကြီးထဲတွင် ရောဂါဖြစ်မှိ ရှိနေခြင်း၊ မှိ၏ နားနေအင်္ဂါရပ်(စကယ်လ်ရိုရှာ) အလုံးလေးများ ရေပြင်ပေါ်မျောနေခြင်း၊ အထွက်ကောင်း စပါးမျိုးများ စိုက်ပျိုးခြင်းတိုသည် ရောဂါ တိုးတက်ဖြစ်ပေါ်မှုကို အားပေးသည်။', '• ရောဂါဒါဏ်ကို ခံနိုင်ရည်ရှိသော စပါးမျိုးများကို ရွေးချယ်စိုက်ပျိုးပါ။\r\n• ဓါတ်မြေသြဇာကို သက်ဆိုင်ရာ သီးနှံရာသီအလိုက် ထောက်ခံချက် ပေးထားသည့်အတိုင်း အသုံးပြုပါ။\r\n• လယ်ကွက်အနီးရှိ မြက်မျိုးကဲ့သိုသော ယှဉ်ပြိုင်လက်ခံပင်များကို ဖယ်ရှားပါ။ ပေါင်းပင်များကို ဂရုတစိုက် နှိမ်နင်းပါ။\r\n• ရွက်ဖုံးခြောက်ကာလ ရောဂါမဖြစ်စေရန် စိုက်ပျိုးရာသီချိန်အတွင်း စပါးခင်းမှရေကို စောစော ထုတ်ပါ။\r\n• မျိုးစေ့ကို မှိသတ်ဆေးဖြင့် လူးနယ်စိုက်ပျိုးပါ။\r\n• မျိုးစေ့ချနှုန်းလျှော့ပြီး အပင်အကွာအဝေးကျယ်စေခြင်းဖြင့် အပင်မြုံသိပ်သည်းထူထဲမနေအောင် ပြုလုပ်ပါ။\r\n• ပဲမျိုးရင်းဝင်အပင်များနှင့် သီးလှည့်စိုက်ပါ။\r\n• ရောဂါကျအပင်များကို မီးရှီဖျက်ဆီးပါ။', '2023-07-23 13:15:58', '2023-07-23 13:15:58'),
(8, 'Rice gout disease \r\n( စပါးဂုတ်ဂျိုးရောဂါ )', 'ngathan', '12.jpg', 'စပါးဂုတ်ကျိုးရောဂါဟာ တခြားမှိရောဂါတွေနဲ့ မတူပါဘူး။ ဘယ်လိုလက္ခဏာမျိုးတွေ့ရမလဲဆိုရင် အလယ်ဖောင်းပြီး ဘေးနှစ်ဖက်ချွန်နေတဲ့ မျက်လုံးပုံစံ (သို) လွန်းပုံသဏ္ဍာန် မှိကွက်တွေ စဖြစ်ပေါ်လာတာဖြစ်ပါတယ်။ ဒီလို မှိကွက်တွေကို ဘယ်လိုနေရာတွေမှာ စတွေ့ရမလဲဆိုရင် ပုလဲမြေသြဇာ (ယူရီးယား) အများကြီးကျွေးထားလို စပါးသန်နေတဲ့နေရာမျိုးတွေ၊ ရွာခြေနဲ့နီးလို မြေသြဇာကောင်းပြီး စပါးရွက်ဖား ထိုးတဲ့နေရာတွေကနေ စတင်ဖြစ်ပေါ်တတ်ပါတယ်။စပါးဂုတ်ကျိုးရောဂါဟာ မှိရောဂါ ဖြစ်တဲ့အတွက် အလွယ်တကူ ကူးစက် ပျံ့နှံနိုင်ပါတယ်။ လေကတစ်ဆင့် ကူးစက်နိုင်တယ်။ ရေကတစ်ဆင့်လည်း ပျံ့နှံနိုင်သလို မိုးစက်၊ နှင်းစက်တွေကတစ်ဆင့်လည်း ပျံ့နှံနိုင်ပါတယ်။ ပုလဲမြေသြဇာကြောင့် စပါးရွက်တွေဟာ ပိုပြီး နူးညံ့ အရည်ရွမ်းလာပြီး ရောဂါကူးစက်နိုင်သလို လမ်းဖြတ် လျှောက်ခြင်းကြောင့် မှိမျိုးဥများ လူနဲ့ကပ်ပါပြီး အခြား ကျန်းမာတဲ့ စပါးပင်တွေကို ဆက်လက်ကူးစက်စေပါတယ်။ ဒါကြောင့် စပါးဂုတ်ကျိုးရောဂါ ကျနေပြီဆိုရင် စပါးခင်းထဲ လမ်းဖြတ်မလျှောက်သင့်ပါဘူး။', '• စပါးဂုတ်ကျိုးရောဂါ လက္ခဏာပါတဲ့ စပါးပင်တွေကို နှုတ်(သို) ရိတ်ပစ်ရပါမယ်။ ရိတ်ပြီး စပါးခင်းနဲ့နီးတဲ့နေရာ၊ ကန်သင်းပေါ်တွေမှာပဲ ထားခဲ့လို မရပါဘူး။ စပါးခင်းနဲ့ ဝေးရာကို အိတ်တစ်ခုခုနဲ့ထည့်ယူသွားပြီး မီးရှိဖျက်ဆီးပစ်ရပါမယ်။\r\n• စပါးခင်းထဲမှ ရေကို လျှော့ပေးရပါမယ်။ ရေလျှော့ပေးလိုက်ရင် စပါးခင်းထဲမှ စိုထိုင်းဆတွေကို လျှော့ချနိုင်တဲ့အတွက် စပါးဂုတ်ကျိုးရောဂါ ပွားများမှုကိုလည်း ဟန့်တားနိုင်ပါတယ်။\r\n• စပါးဂုတ်ကျိုးရောဂါ ကျခဲ့တဲ့အခင်းကို စပါးရိတ်သိမ်းပြီးချိန်ရင် ရိုးပြတ်တွေကို မီးရှိရပါမယ်။\r\n• စပါးဂုတ်ကျိုးရောဂါဟာ မျိုးစေ့ကနေလည်း ကူးစက်ပျံ့နှံနိုင်တာကြောင့် ရောဂါကျ စပါးခင်းမှ စပါးတွေကို မျိုးအဖြစ် အသုံးမပြုသင့်ပါဘူး။\r\n• စပါးစိုက်ပျိုးခြင်းမှာ ပုလဲမြေသြဇာတစ်မျိုးတည်း အဓိကထားမသုံးဘဲ တီဆူပါ၊ ပိုတက်မြေသြဇာများ တွဲဖက်ပြီး အချိုးညီ မျှတစွာ အသုံးပြုရပါမယ်။', '2023-07-23 13:16:20', '2023-07-23 13:16:20');

-- --------------------------------------------------------

--
-- Table structure for table `paddy_types`
--

CREATE TABLE `paddy_types` (
  `id` bigint(20) UNSIGNED NOT NULL,
  `image` varchar(255) COLLATE utf8mb4_unicode_ci NOT NULL,
  `created_at` timestamp NULL DEFAULT NULL,
  `updated_at` timestamp NULL DEFAULT NULL
) ENGINE=InnoDB DEFAULT CHARSET=utf8mb4 COLLATE=utf8mb4_unicode_ci;

--
-- Dumping data for table `paddy_types`
--

INSERT INTO `paddy_types` (`id`, `image`, `created_at`, `updated_at`) VALUES
(1, 'pa1.jpg', NULL, NULL),
(2, 'pa3.jpg', NULL, NULL),
(3, 'pa4.jpg', NULL, NULL),
(4, 'pa5.jpg', NULL, NULL),
(5, 'pa6.jpg', NULL, NULL),
(6, 'pa7.jpg', NULL, NULL),
(7, 'pa8.jpg', NULL, NULL),
(8, 'pa9.jpg', NULL, NULL),
(9, 'pa10.jpg', NULL, NULL),
(10, 'pa11.jpg', NULL, NULL),
(11, 'pa12.jpg', NULL, NULL),
(12, 'pa13.jpg', NULL, NULL),
(13, 'pa14.jpg', NULL, NULL),
(14, 'pa15.jpg', NULL, NULL),
(15, 'pa16.jpg', NULL, NULL);

-- --------------------------------------------------------

--
-- Table structure for table `password_reset_tokens`
--

CREATE TABLE `password_reset_tokens` (
  `email` varchar(255) COLLATE utf8mb4_unicode_ci NOT NULL,
  `token` varchar(255) COLLATE utf8mb4_unicode_ci NOT NULL,
  `created_at` timestamp NULL DEFAULT NULL
) ENGINE=InnoDB DEFAULT CHARSET=utf8mb4 COLLATE=utf8mb4_unicode_ci;

-- --------------------------------------------------------

--
-- Table structure for table `personal_access_tokens`
--

CREATE TABLE `personal_access_tokens` (
  `id` bigint(20) UNSIGNED NOT NULL,
  `tokenable_type` varchar(255) COLLATE utf8mb4_unicode_ci NOT NULL,
  `tokenable_id` bigint(20) UNSIGNED NOT NULL,
  `name` varchar(255) COLLATE utf8mb4_unicode_ci NOT NULL,
  `token` varchar(64) COLLATE utf8mb4_unicode_ci NOT NULL,
  `abilities` text COLLATE utf8mb4_unicode_ci DEFAULT NULL,
  `last_used_at` timestamp NULL DEFAULT NULL,
  `expires_at` timestamp NULL DEFAULT NULL,
  `created_at` timestamp NULL DEFAULT NULL,
  `updated_at` timestamp NULL DEFAULT NULL
) ENGINE=InnoDB DEFAULT CHARSET=utf8mb4 COLLATE=utf8mb4_unicode_ci;

-- --------------------------------------------------------

--
-- Table structure for table `pesticides`
--

CREATE TABLE `pesticides` (
  `id` bigint(20) UNSIGNED NOT NULL,
  `name` varchar(255) COLLATE utf8mb4_unicode_ci NOT NULL,
  `image` varchar(255) COLLATE utf8mb4_unicode_ci NOT NULL,
  `use_message` text COLLATE utf8mb4_unicode_ci NOT NULL,
  `use_vegetable` text COLLATE utf8mb4_unicode_ci NOT NULL,
  `use_amount` text COLLATE utf8mb4_unicode_ci NOT NULL,
  `use_advantage` text COLLATE utf8mb4_unicode_ci NOT NULL,
  `paddy_bugs_id` int(11) NOT NULL,
  `amount` varchar(255) COLLATE utf8mb4_unicode_ci NOT NULL,
  `type` varchar(255) COLLATE utf8mb4_unicode_ci NOT NULL,
  `price` int(11) NOT NULL,
  `min` int(11) NOT NULL,
  `max` int(11) NOT NULL,
  `created_at` timestamp NULL DEFAULT NULL,
  `updated_at` timestamp NULL DEFAULT NULL
) ENGINE=InnoDB DEFAULT CHARSET=utf8mb4 COLLATE=utf8mb4_unicode_ci;

--
-- Dumping data for table `pesticides`
--

INSERT INTO `pesticides` (`id`, `name`, `image`, `use_message`, `use_vegetable`, `use_amount`, `use_advantage`, `paddy_bugs_id`, `amount`, `type`, `price`, `min`, `max`, `created_at`, `updated_at`) VALUES
(1, 'Awba Myay Kaung ( ဩဘာမြေကောင်း )', 'myaykaung.jpg', 'ကြဲပက် ၊ သီးနှံပင်မစိုက်မီ စိုက်ကြောင်းထဲသို့ ထည့်ရန်။', 'စပါး', '\r\nတစ်ဧကလျှင် ၄- ၆ ကီလို', 'စပါးသီးနှံတွင်ကျရောက်သော ဖျက်ပိုးမျိုးစုံကို ကာကွယ် နှိမ်နှင်းပေးသည်။\r\nဆေးအာနိသင် ကြာရှည်ခံသည်။\r\nသုံးစွဲရလွယ်ကူစေပြီး ပိုမိုထိရောက်မှုရှိသည်။ မိုးရွာနေချိန် နှင့် စပါးခင်းအတွင်းဆေးဖျန်းရန်ခက်သောအချိန်များတွင် သင့်တော်သော ဆေးဖြစ်သည်။\r\nစပါးပင်ပွားများ၊ စိမ်းစိုစေပြီး အထွက်နှုန်းတိုးစေပါသည်။', 1, '1000', 'G', 40000, 6000, 8000, NULL, NULL),
(2, 'Fire ( ဖိုင်းယား )', 'phaingyar.jpg', '\r\nရွက်ဖျန်း\r\n', 'ပဲမျိုးစုံ၊ မြေပဲ၊ နှမ်း၊ လိမ္မော်၊ ရှောက်၊ သံပရာ၊ စပါး၊ ဝါ၊ ပြောင်း၊ အာလူး၊ ငရုတ်၊ ဟင်းသီးဟင်းရွက်နှင့် သစ်သီးပင်များ။', 'ရေ ၂၀ လီတာဝင် ဆေးဖျန်းပုံးတစ်ပုံးတွင် ၄၀ – ၆၀ စီစီနှုထည့်ပြီး တစ်ဧကလျှင် ၂၀၀ – ၃၀၀ စီစီဖြင့် ၅ – ၈ ပုံးအသုံးပြုပါ။\r\n', 'တစ်ခြားသော ဖျက်ပိုးမျိုးစုံကိုလည်း နှိမ်နင်းနိုင်ပြီး ပိုးသတ်ဆေးဒဏ် ခံနိုင်ရည် ရှိသော ပိုးမျိုးစိတ်များ ထွက်ပေါ်လာမှုကိုလည်း နည်းစေပါသည်။\r\nစပါးဖျက်ပိုးများကျရောက်ခြင်းမှ ရက်ကြာရှည်စွာ ကာကွယ်မှု ပေးနိုင်သည်။\r\nအပင်ကြီးထွားမှုနှင့် အမြစ်ဖွဲ့စည်းမှု ကို အထောက်အကူ ဖြစ်စေသောကြောင့် စပါးထွက်နှုန်းလဲ တိုးစေပါသည်။\r\nစပါးဆစ်ပိုး၊ ရွက်လိပ်ပိုးတွေအတွက် ဖိုင်းရားတစ်လှည့်၊ ဇွန်ဘီတစ်လှည့်ဖြင့် ၂ကြိမ်ဖျန်းနိုင်ပါတယ်။', 1, '500', 'CC', 14000, 400, 500, NULL, NULL),
(3, 'Zombie ( ဇွန်ဘီ )', 'zombie.jpg', 'ရွက်ဖျန်း', 'စပါး၊ ဝါ၊ ခရမ်းချဉ်၊ အာလူး၊ ဂေါ်ဖီထုပ်၊ ပန်းဂေါ်ဖီ၊ ပဲမျိုးစုံ၊ ခရမ်း။', 'ရေ ၂၀ လီတာဝင် ဆေးဖျန်းပုံးတစ်ပုံးလျှင် ၂၀ – ၃၀ ဂရမ် ထည့်သွင်းပြီး တစ်ဧကလျှင် ၁၀၀ – ၁၅၀ ဂရမ် ဖြင့် ၅ – ၈ ပုံးအသုံးပြုပါ။', '\r\nစပါးတွင် ကျရောက်သော ဆစ်ပိုး၊ ရွက်လိပ်ရွက်ကပ်နှင့် အခြားသီးနှံမျာ တွင်ကျရောက်သော ပိုးမျိုးစုံ အတွက်အထူးကောင်းမွန်သော ဆေးဖြစ်သည်။\r\nအကျိုးပြုမိတ်ဆွေပိုးများအတွက် ထိခိုက်မှုနဲပါးပြီး ပတ်ဝန်းကျင် ထိခိုက်မှုနည်းစေသည်။\r\nအခြားပိုးသတ်ဆေးများနှင့်မတူသောအချက်မှာ အပင်တွင် ထိုးဖေါက်ဝင်ရောက်စားသောက်ဖျက်စီးသော ပိုးများကို ပါ ကာကွယ်နှိမ်နှင်းနိုင်သည်။\r\nဆေးနှုန်းထားနည်းနည်းဖြင့် ဖျက်ပိုးများကို နှိမ်နှင်းနိုင်သဖြင့် စီးပွါးရေးအရ တွက်ချေကိုက်သည်။', 1, '250', 'G', 60000, 100, 150, NULL, NULL),
(4, 'Armotinshant ( အာမိုတင်းရှန့် )', 'armotinshant.jpg', 'ရွက်ဖျန်း', 'ပဲမျိုးစုံ၊ စပါး၊ ငရုတ်နှင့် ဟင်းသီးဟင်းရွက်။', 'ရေ (၄) ဂါလံတွင် သုံးစွဲရန်- ဆေး(၄၀-၆၀) စီစီ [ မြင်းကျားခေါင်း ဟင်းခပ်ဇွန်း (၄-၆) ဇွန်း ]၊၊\r\n', 'ပိုသတ်ဆေးခံနိုင်ရည် ရှိသောပိုများကို နှိမ်နှင်းသည်။\r\nမြေတွင်းအောင်းပိုးများနှင့် မြေကြီးအတွင်းပုန်းခိုးတတ်သောဖျက်ပိုးများ အတွင်မြေအောင်းပိုးသတ်ဆေးအဖြစ်လည်း အသုံးပြုနိုင်သည်။', 1, '550', 'CC', 12000, 400, 500, NULL, NULL),
(5, 'Cartap Hydrochloride ( ကာတက်ပ်ဟိုက်ဒြိုကလိုရိုဒ် )', 'cartaap.jpg', 'ကြဲပက်', 'စပါး', 'တစ်ဧကလျှင် ၇.၅-၁၀ ကီလို', 'အပင်ကြီးထွားမှုနှင့် အမြစ်ဖွဲ့စည်းမှု ကို အထောက်အကူ ဖြစ်စေသောကြောင့် စပါးထွက်နှုန်းလဲ တိုးစေပါသည်။\r\nစပါးသီးနှံတွင်ကျရောက်သော ဖျက်ပိုးမျိုးစုံကို ကာကွယ် နှိမ်နှင်းပေးသည်။\r\nသုံးစွဲရလွယ်ကူစေပြီး ပိုမိုထိရောက်မှုရှိသည်။ မိုးရွာနေချိန် နှင့် စပါးခင်းအတွင်းဆေးဖျန်းရန်ခက်သောအချိန်များတွင် သင့်တော်သော ဆေးဖြစ်သည်။', 2, '70000', 'G', 90000, 7500, 10000, NULL, NULL),
(6, 'Armotinshant ( အာမိုတင်းရှန့် )', 'armotinshant.jpg', '\r\nရွက်ဖျန်း', 'ပဲမျိုးစုံ၊ စပါး၊ ငရုတ်နှင့် ဟင်းသီးဟင်းရွက်။\r\n', 'ရေ (၄) ဂါလံတွင် သုံးစွဲရန်- ဆေး(၄၀-၆၀) စီစီ [ မြင်းကျားခေါင်း ဟင်းခပ်ဇွန်း (၄-၆) ဇွန်း ]၊၊\r\n', 'ပိုသတ်ဆေးခံနိုင်ရည် ရှိသောပိုများကို နှိမ်နှင်းသည်။\r\nမြေတွင်းအောင်းပိုးများနှင့် မြေကြီးအတွင်းပုန်းခိုးတတ်သောဖျက်ပိုးများ အတွင်မြေအောင်းပိုးသတ်ဆေးအဖြစ်လည်း အသုံးပြုနိုင်သည်။', 2, '550', 'CC', 12000, 400, 500, NULL, NULL),
(7, 'Fire ( ဖိုင်းယား )', 'phaingyar.jpg', 'ရွက်ဖျန်း\r\n', 'ပဲမျိုးစုံ၊ မြေပဲ၊ နှမ်း၊ လိမ္မော်၊ ရှောက်၊ သံပရာ၊ စပါး၊ ဝါ၊ ပြောင်း၊ အာလူး၊ ငရုတ်၊ ဟင်းသီးဟင်းရွက်နှင့် သစ်သီးပင်များ။\r\n', 'ရေ ၂၀ လီတာဝင် ဆေးဖျန်းပုံးတစ်ပုံးတွင် ၄၀ – ၆၀ စီစီနှုထည့်ပြီး တစ်ဧကလျှင် ၂၀၀ – ၃၀၀ စီစီဖြင့် ၅ – ၈ ပုံးအသုံးပြုပါ။', 'တစ်ခြားသော ဖျက်ပိုးမျိုးစုံကိုလည်း နှိမ်နင်းနိုင်ပြီး ပိုးသတ်ဆေးဒဏ် ခံနိုင်ရည် ရှိသော ပိုးမျိုးစိတ်များ ထွက်ပေါ်လာမှုကိုလည်း နည်းစေပါသည်။\r\nစပါးဖျက်ပိုးများကျရောက်ခြင်းမှ ရက်ကြာရှည်စွာ ကာကွယ်မှု ပေးနိုင်သည်။\r\nအပင်ကြီးထွားမှုနှင့် အမြစ်ဖွဲ့စည်းမှု ကို အထောက်အကူ ဖြစ်စေသောကြောင့် စပါးထွက်နှုန်းလဲ တိုးစေပါသည်။\r\nစပါးဆစ်ပိုး၊ ရွက်လိပ်ပိုးတွေအတွက် ဖိုင်းရားတစ်လှည့်၊ ဇွန်ဘီတစ်လှည့်ဖြင့် ၂ကြိမ်ဖျန်းနိုင်ပါတယ်။', 3, '500', 'CC', 14000, 400, 500, NULL, NULL),
(8, 'Torpedo ( တော်ပီဒို )', 'thawpido1.jpg', 'ရွက်ဖျန်း', 'ပဲမျိုးစုံ၊ နှမ်း၊ ငရုတ်၊ ကြက်သွန်၊ ဟင်းသီးဟင်းရွက်၊ စပျစ်၊ ဖရဲ၊ သခွား၊ စပါး။', '\r\nရေ ၂၀ လီတာဝင် ဆေးဖျန်းပုံး တစ်ပုံးလျှင် ၄၀ – ၆၀ စီစီ ထည့်သွင်းပြီး တစ်ဧကလျှင် ၂၀၀ – ၃၀၀ စီစီဖြင့် ၅ – ၈ ပုံးအသုံးပြုပါ။', 'သီးနှံစိုက်ခင်းတွင် ကျရောက်သော ကိုက်ဖြတ်ဝါးစားပိုး နှင့် လှေးပိုးများကို အဓိက နှိမ်နှင်းနိုင်သည်။\r\nဆေးတစ်မျိုးတည်းဖြင့် လှေးပိုးကိုသာမက အခြားဖျက် ပိုးများကိုလဲ ထိရောက်စွာနှိမ်နင်းနိုင်ပြီး ကုန်ကျစရိတ် သက်သာစေသည်။\r\nဆေးဖျန်းပြီးပါက သီးနှံပင်ကို အစိမ်းရောင်တာက်ပစေပြီး အမြစ်ဖွံ့ဖြိုးမှု ပိုကောင်းစေသည်။\r\nအခြားပိုးသတ်ဆေးများကို ခံနိုင်ရည်ရှိသော ပိုးများကို ထိ ရောက်စွာ နှိမ်နှင်းနိုင်သည်။', 3, '500', 'CC', 7500, 100, 140, NULL, NULL),
(9, 'Cartap Hydrochloride ( ကာတက်ပ်ဟိုက်ဒြိုကလိုရိုဒ် )', 'cartaap.jpg', 'ကြဲပက်', 'စပါး', 'တစ်ဧကလျှင် ၇.၅-၁၀ ကီလို', 'အပင်ကြီးထွားမှုနှင့် အမြစ်ဖွဲ့စည်းမှု ကို အထောက်အကူ ဖြစ်စေသောကြောင့် စပါးထွက်နှုန်းလဲ တိုးစေပါသည်။\r\nစပါးသီးနှံတွင်ကျရောက်သော ဖျက်ပိုးမျိုးစုံကို ကာကွယ် နှိမ်နှင်းပေးသည်။\r\nသုံးစွဲရလွယ်ကူစေပြီး ပိုမိုထိရောက်မှုရှိသည်။ မိုးရွာနေချိန် နှင့် စပါးခင်းအတွင်းဆေးဖျန်းရန်ခက်သောအချိန်များတွင် သင့်တော်သော ဆေးဖြစ်သည်။', 3, '70000', 'G', 90000, 7500, 10000, NULL, NULL),
(10, 'Azphate ( အဆီဖိတ် )', 'asiphate.jpg', 'ရွက်ဖျန်း', 'စပါး၊ ပဲမျိုးစုံ၊ ဆီထွက်သီးနှံ၊ အာလူး၊ ခရမ်းချဉ်၊ ငရုတ်၊ ကြက်သွန်၊ ပန်းမာလ်အမျိုးမျိုး၊ ဖရဲ၊ သခွား၊ ဂေါ်ဖီ', 'ရေ ၂၀ လီတာဝင် ဆေးဖျန်းပုံးတစ်ပုံးတွင် ဆေး ၅၀ – ၈၀ ဂရမ် ထည့်ပြီး တစ်ဧကလျှင် ၂၅၀ – ၄၀၀ ဂရမ် နှုန်းဖြင့် ၅ – ၈ ပုံးအသုံးပြုပါ။', 'ဆေးဖျန်းထားသော သီးနှံပင်အား ဖျက်ပိုးမှ စားမိပါက ဖျက်ပိုး၏ ခန္တာကိုယ်အတွင်းတွင် ပိုးမို ပြင်းထန်သော အဆိပ်အဖြစ်ပြောင်းသွားပြီး ဖျက်ပိုးကို သတ်ပေးသည်။\r\nပိုးအမျိုးမျိုးကို ကာကွယ်နှိမ်နင်းနိုင်သည့်အပြင် ပန်းပွင့်နှုန်းကို များပြားစေပါသည်။\r\nပိုးအမျိုးမျိုးကို ကာကွယ်နှိမ်နင်းနိုင်သည့်အပြင် ပန်းပွင့်နှုန်းကို များပြားစေပါသည်။', 3, '1000', 'G', 75000, 200, 400, NULL, NULL),
(11, 'Armoboht ( အာမိုဘော့စ် )', 'armoboht.jpg', 'ရွက်ဖျန်း', 'စပါး', 'ရေ (၄) ဂါလံတွင် သုံးစွဲရန် - ဆေး (၂၀-၈၀) စီစီ [ မြင်းကျားခေါင်း ဟင်းခတ်ဇွန်း (၂-၈) ဇွန်း ]\r\n', 'စုပ်စားပိုးများနှင့် ပုန်းခိုကိုက်ဖြတ်စားသောက်သော ပိုးများကို ကောင်းစွာ နှိမ်နှင်းနိုင်သည်။\r\nရွက်ဖျန်းမြေဩဇာနှင့် ဆရာစပ်သုံးစွဲနိုင်သည်။\r\nမြေတွင်းအောင်းပိုး ကာကွယ်သည့်မျူးလူးဆေးလည်းဖြစ်သည်။', 3, '550', 'CC', 9000, 300, 500, NULL, NULL),
(12, 'Armoboht ( အာမိုဘော့စ် )', 'armoboht.jpg', 'ရွက်ဖျန်း', 'စပါး', 'ရေ (၄) ဂါလံတွင် သုံးစွဲရန် - ဆေး (၂၀-၈၀) စီစီ [ မြင်းကျားခေါင်း ဟင်းခတ်ဇွန်း (၂-၈) ဇွန်း ]\r\n', 'စုပ်စားပိုးများနှင့် ပုန်းခိုကိုက်ဖြတ်စားသောက်သော ပိုးများကို ကောင်းစွာ နှိမ်နှင်းနိုင်သည်။\r\nရွက်ဖျန်းမြေဩဇာနှင့် ဆရာစပ်သုံးစွဲနိုင်သည်။\r\nမြေတွင်းအောင်းပိုး ကာကွယ်သည့်မျူးလူးဆေးလည်းဖြစ်သည်။', 4, '550', 'CC', 9000, 300, 500, NULL, NULL),
(13, 'Pydi ( ပိုင်ဒီ )', 'pydi.jpg', 'ရွက်ဖျန်း', 'ပဲမျိုးစုံ၊ ပန်းမျိုးစုံ၊ ဝါ၊ နှမ်း၊ ဂေါ်ဖီ၊ ဟင်းသီးဟင်းရွက်၊ ဖရဲ၊ သခွား၊ စပါး။', 'ရေ ၂၀ လီတာဝင် ဆေးဖျန်းပုံးတစ်ပုံးလျှင် ဆေး ၁၀ – ၂၀ ဂရမ်ထည့်သွင်းပြီး တစ်ဧကလျှင် ၅၀ – ၁၀၀ ဂရမ် ဖြင့် ၅ – ၈ ပုံးအသုံးပြုပါ။ ပိုးဆိုးရွားစွာကျရောက်ပါက ၇ ရက်ခြား ၁ ကြိမ်ဖျန်းပါ။', 'သီးနှံစိုက်ခင်းတွင် စုပ်စားပိုး ဆိုးရွားစွာကျပါကနှိမ်နင်းနိုင်သော ဆေးကောင်းတစ်ခုဖြစ်သည်။\r\nယင်ဖြူ၊ ပျ နှင့် ဖြုတ်ညို ပိုးများ၏ မည်သည့်အဆင့်မဆို အထိရောက်ဆုံးနှိမ်နှင်းနိုင်သည်။\r\nဗိုင်းရပ်စ် ရောဂါများ မဖြစ်စေရန် ကာကွယ်ပေးနိုင်သောကြောင့် သီးနှံ အထွက်နှုန်း နှင့် အရည်အသွေး ပိုမိုကောင်းမွန်စေသည်။', 4, '10', 'G', 4000, 3, 5, NULL, NULL),
(14, 'Zombie ( ဇွန်ဘီ )', 'zombie.jpg', 'ရွက်ဖျန်း', 'စပါး၊ ဝါ၊ ခရမ်းချဉ်၊ အာလူး၊ ဂေါ်ဖီထုပ်၊ ပန်းဂေါ်ဖီ၊ ပဲမျိုးစုံ၊ ခရမ်း။', 'ရေ ၂၀ လီတာဝင် ဆေးဖျန်းပုံးတစ်ပုံးလျှင် ၂၀ – ၃၀ ဂရမ် ထည့်သွင်းပြီး တစ်ဧကလျှင် ၁၀၀ – ၁၅၀ ဂရမ် ဖြင့် ၅ – ၈ ပုံးအသုံးပြုပါ။', '\r\nစပါးတွင် ကျရောက်သော ဆစ်ပိုး၊ ရွက်လိပ်ရွက်ကပ်နှင့် အခြားသီးနှံမျာ တွင်ကျရောက်သော ပိုးမျိုးစုံ အတွက်အထူးကောင်းမွန်သော ဆေးဖြစ်သည်။\r\nအကျိုးပြုမိတ်ဆွေပိုးများအတွက် ထိခိုက်မှုနဲပါးပြီး ပတ်ဝန်းကျင် ထိခိုက်မှုနည်းစေသည်။\r\nအခြားပိုးသတ်ဆေးများနှင့်မတူသောအချက်မှာ အပင်တွင် ထိုးဖေါက်ဝင်ရောက်စားသောက်ဖျက်စီးသော ပိုးများကို ပါ ကာကွယ်နှိမ်နှင်းနိုင်သည်။\r\nဆေးနှုန်းထားနည်းနည်းဖြင့် ဖျက်ပိုးများကို နှိမ်နှင်းနိုင်သဖြင့် စီးပွါးရေးအရ တွက်ချေကိုက်သည်။', 4, '250', 'G', 60000, 100, 150, NULL, NULL),
(15, 'Armominezin ( အာမိုမိုင်စင် )', 'armominezin1.jpg', 'ရွက်ဖျန်း', 'စပါး၊ အာလူး၊ ခရမ်းချဉ်၊ ငရုတ်၊ ကြက်သွန်နှင့် ကွမ်းပင်၊၊\r\n', 'ရေ (၄) ဂါလန်ဝင်ဆေးတစ်ပုံးတွင် အာမိုမိုင်စင် (၃၀ - ၄၀) စီစီ နှုန်းဖြင့် ပက်ဖျန်းပေးနိုင်သည်။ ရောဂါများကို ကြိုတင်ကာကွယ်သည့်အနေဖြင့် ပက်ဖျန်းပေးနိုင်သည်။\r\n', 'ပင်လုံးပြန့်အာနိသင်ရှိပြီး အပင်ရောဂါအဖြစ် မှိုရောဂါများအပြင် ဘက်တီးရီးယားကြောင့် ဖြစ်သော ရောဂါများကို ကာကွယ်ကုသပေးနိုင်သည့် အစွမ်းရှိသည်။\r\nဘက်တီးရီးယားရောဂါများဆက်လက်မဖြစ်ပွားအောင် ထိန်းချုပ်နိုင်စွမ်းရှိသည်။\r\nအာမိုမိုင်စင်ကို ရောဂါစတွေ့ချိန်သာမက ကြိုတင်ကာကွယ်ဆေး အဖြစ်အသုံးပြုနိုင်သည်။', 5, '500', 'CC', 11000, 300, 400, NULL, NULL),
(16, 'Armokayaung ( အာမိုကရောင်း )', 'armokayaung.jpg', 'ရွက်ဖျန်း', 'စပါး', 'ရေ (၄) ဂါလံတွင် သုံးစွဲရန် - ဆေး (၄၀-၆၀) စီစီ [ မြင်းကျားခေါင်း ဟင်းခတ်ဇွန်း (၇-၁၀) ဇွန်း ]\r\n', 'ရွက်ဖျန်းမြေဩဇာနှင့် ‌ေရာစပ်သုံးစွဲနိုင်သည်။\r\nစုပ်စားပိုးများနှင့် ပုန်းခိုကိုက်ဖြတ်စားသောက်သော ပိုးများကို ကောင်းစွာ နှိမ်နှင်းနိုင်သည်။', 5, '100', 'G', 45000, 40, 60, NULL, NULL),
(17, 'Cupromax 85 WP awba ( ကျူပရိုမက် )', 'cupromax.jpg', '\r\nရွက်ဖျန်း', '\r\nစပါး၊ အာလူး၊ သခွား၊ ဖရဲ၊ ပဲမျိုးစုံနှင့် ကြက်သွန်၊၊\r\n', 'ဆေးဖျန်းပုံးတစ်ပုံး (၄၀-၈၀)ဂရမ်နှုန်း။ တစ်ဧကလျှင် (၂၀၀-၄၀၀)ဂရမ်နှုန်း။ တစ်ဧကလျှင် ရေ(၂၀)လီတာဝင် ဆေးဖျန်းပုံး (၅-၈)ပုံး အသုံးပြုပါ။\r\n', 'စပါးဘက်တီးရီးယားရွက်ခြောက်/ရွက်စင်း၊ စပါးမှိုသီးရောဂါ၊ စပါးဂုတ်ကျိုးရောဂါ၊ စပါးရွက်ဖုံးခြောက်ရောဂါများ အဓိကနိမ်နင်းသည်။\r\nဆေးနှုန်းထားနည်းနည်းဖြင့် ဖျက်ပိုးများကို နှိမ်နှင်းနိုင်သဖြင့် စီးပွါးရေးအရ တွက်ချေကိုက်သည်။', 5, '500', 'G', 25000, 200, 400, NULL, NULL),
(18, 'Karcim 2 SL ( ကာစင်၂အက်စ်အယ် )', 'karsin.jpg', 'ရွက်ဖျန်း', 'စပါး၊ အာလူး၊ ခရမ်းချဉ်၊ သခွား၊ ဖရဲ၊ ပဲမျိုးစုံနှင့် ကြက်သွန်၊၊', 'ဆေးဖျန်းပုံးတစ်ပုံး (၁၀၀-၂၄၀)စီစီ နှုန်း။ တစ်ဧကလျှင် (၅၀၀-၁၂၀၀)စီစီ နှုန်း။ တစ်ဧကလျှင် ရေ(၂၀)လီတာဝင် ဆေးဖျန်းပုံး (၅-၈)ပုံး အသုံးပြုပါ။\r\n', 'စပါးဘက်တီးရီးယားရွက်ခြောက်နှင့်စပါးဂုတ်ကျိုးရောဂါများ\r\nအတွက်ပိုပြီးထိရောက်စေသည်။\r\nဆေးနှုန်းထားနည်းနည်းဖြင့် ဖျက်ပိုးများကို နှိမ်နှင်းနိုင်သဖြင့် စီးပွါးရေးအရ တွက်ချေကိုက်သည်။', 5, '500', 'CC', 15000, 100, 240, NULL, NULL),
(19, 'Zolar 25 ec awba ( ဇိုလာ ၂၅ အီစီ )', 'zolar.jpg', '\r\nရွက်ဖျန်း', 'အာလူး၊ ခရမ်းချဉ်၊ ဖရဲ၊ သခွား၊ ငှက်ပျောနှင့် စပါး။', 'ဆေးဖျန်းပုံးတစ်ပုံး (၂၀-၁၀၀)စီစီနှုန်း။ တစ်ဧကလျှင် (၁၀၀-၅၀၀)စီစီနှုန်း။ တစ်ဧကလျှင် ရေ (၂၀)လီတာဝင် ဆေးဖျန်းပုံး (၅-၈)ပုံး အသုံးပြုပါ။', 'သီးနှံအမျိုးမျိုးတွင်ကျရောက်သော မှိုရောဂါအမျိုးမျိုး အဓိကနိမ်နင်းနိုင်သည်။\r\nအာလူး၊ ခရမ်းချဉ်စောပင်နာကျ၊ ပဲသံချေးရောဂါနှင့် စပါးရွက်ညိုရွက်ပြောက်ရောဂါများ၏ မည်သည့်အဆင့်မဆို အထိရောက်ဆုံးနှိမ်နှင်းနိုင်သည်။\r\nအရွက်မှလျင်မြန်စွာထိုးဖောက်စိမ့်ဝင်နိုင်သော အာနိသင်ရှိပြီးဆေးအာနိသင်တာရှည်ခံသဖြင့် ကာကွယ်မှုရောကုသမှုပါ အစွမ်းထက်သည်။', 6, '500', 'CC', 13000, 20, 100, NULL, NULL),
(20, 'Armoazobin ( အာမိုအဇိုဘင် )', 'armoazobin1.jpg', 'ရွက်ဖျန်း', '\r\nစပျစ်၊ ပဲမျိုးစုံ၊ သရက်၊ လိမ္မော်၊ စပါးနှင့် ခရမ်း။\r\n', 'ရေ (၄) ဂါလံဝင်ဆေးတစ်ပုံးအတွက် အာမိုအဇိုဘင် (၂၀ - ၅၀) ဂရမ်နှုန်းနဲ့ တစ်ဧကကို ဆေးပုံး ၅ ပုံးမှ ၆ ပုံးအသုံးပြုပေးပါ။', '\r\nသီးနှံများမှာ ဖြစ်တတ်သော ဖားဥမှို၊ မှဲ့ပြောက်စွန်း၊ ဒေါင်းနီးရွက်ခြောက်ရောဂါများ အပြင် စပါးမှာ အဓိကဖြစ်ပွားတတ်သော စပါးဂုတ်ကျိုးရောဂါ၊ ရွက်ဖုံးခြောက်ရောဂါများကို ဖြေရှင်းပေးပါတယ်။\r\nပဲမျိုးစုံမှာဖြစ်တဲ့ မြစ်ခြောက်ဆွေး၊ ဖရဲသခွားရောဂါဖြစ်တဲ့ ပင်စည်ပုပ်နဲ့ ရိုးကွဲအစေးထွက်ရောဂါများနှင့် စပျစ်အသီးပုပ်၊ သရက်၊ လိမ္မော်ပင်စည်အဖျားပုပ်ရောဂါများ အပြင် ဂန္ဓမာ သံချေးဖြူရောဂါများကို ထိရောက်စွာ ကာကွယ်ကုသပေးနိုင်ပါတယ်။', 6, '100', 'CC', 11000, 80, 120, NULL, NULL),
(21, 'Armovenus ( အာမိုဗီးနပ်စ် )', 'armovenus.jpg', '\r\nရွက်ဖျန်း', 'မြေပဲ၊ အာလူး၊ စပျစ်၊ ပဲမျိုးစုံ၊ သရက်၊ စပါးနှင့် ခရမ်း။\r\n', '\r\nရေ (၄) ဂါလံတွင် သုံးစွဲရန် - ဆေး(၅-၁၀) စီစီ [ မြင်းကျားခေါင်း ဟင်းခပ်ဇွန်း ( ၀.၅-၁ ) ဇွန်း ]\r\n', 'စပါးရွက်ညိုပျောက်ရောဂါ အတွက်ပိုပြီးထိရောက်စေသည်။\r\nဆေးနှုန်းထားနည်းနည်းဖြင့် ဖျက်ပိုးများကို နှိမ်နှင်းနိုင်သဖြင့် စီးပွါးရေးအရ တွက်ချေကိုက်သည်။', 6, '1000', 'CC', 20000, 5, 10, NULL, NULL),
(22, 'Armoazobin ( အာမိုအဇိုဘင် )', 'armoazobin1.jpg', 'ရွက်ဖျန်း', '\r\nစပျစ်၊ ပဲမျိုးစုံ၊ သရက်၊ လိမ္မော်၊ စပါးနှင့် ခရမ်း။\r\n', 'ရေ (၄) ဂါလံဝင်ဆေးတစ်ပုံးအတွက် အာမိုအဇိုဘင် (၂၀ - ၅၀) ဂရမ်နှုန်းနဲ့ တစ်ဧကကို ဆေးပုံး ၅ ပုံးမှ ၆ ပုံးအသုံးပြုပေးပါ။', '\r\nသီးနှံများမှာ ဖြစ်တတ်သော ဖားဥမှို၊ မှဲ့ပြောက်စွန်း၊ ဒေါင်းနီးရွက်ခြောက်ရောဂါများ အပြင် စပါးမှာ အဓိကဖြစ်ပွားတတ်သော စပါးဂုတ်ကျိုးရောဂါ၊ ရွက်ဖုံးခြောက်ရောဂါများကို ဖြေရှင်းပေးပါတယ်။\r\nပဲမျိုးစုံမှာဖြစ်တဲ့ မြစ်ခြောက်ဆွေး၊ ဖရဲသခွားရောဂါဖြစ်တဲ့ ပင်စည်ပုပ်နဲ့ ရိုးကွဲအစေးထွက်ရောဂါများနှင့် စပျစ်အသီးပုပ်၊ သရက်၊ လိမ္မော်ပင်စည်အဖျားပုပ်ရောဂါများ အပြင် ဂန္ဓမာ သံချေးဖြူရောဂါများကို ထိရောက်စွာ ကာကွယ်ကုသပေးနိုင်ပါတယ်။', 7, '100', 'CC', 11000, 80, 120, NULL, NULL),
(23, 'Armovenus ( အာမိုဗီးနပ်စ် )', 'armovenus.jpg', '\r\nရွက်ဖျန်း', 'မြေပဲ၊ အာလူး၊ စပျစ်၊ ပဲမျိုးစုံ၊ သရက်၊ စပါးနှင့် ခရမ်း။\r\n', '\r\nရေ (၄) ဂါလံတွင် သုံးစွဲရန် - ဆေး(၅-၁၀) စီစီ [ မြင်းကျားခေါင်း ဟင်းခပ်ဇွန်း ( ၀.၅-၁ ) ဇွန်း ]\r\n', 'စပါးရွက်ညိုပျောက်ရောဂါ အတွက်ပိုပြီးထိရောက်စေသည်။\r\nဆေးနှုန်းထားနည်းနည်းဖြင့် ဖျက်ပိုးများကို နှိမ်နှင်းနိုင်သဖြင့် စီးပွါးရေးအရ တွက်ချေကိုက်သည်။', 7, '1000', 'CC', 20000, 5, 10, NULL, NULL),
(24, 'No one 70 WP awba ( နိုးဝမ်း )', 'noone.jpg', 'ရွက်ဖျန်း', 'အာလူး၊ ခရမ်းချဉ်၊ ဖရဲ၊ သခွား၊ ငှက်ပျောနှင့် စပါး။\r\n', 'ဆေးဖျန်းပုံးတစ်ပုံးလျှင်(၁၀-၂၀)ဂရမ်။ တစ်ဧကလျှင် (၅၀-၁၀၀) ဂရမ်။ မှတ်ချက်-တစ်ဧကလျှင် ရေ(၂၀)လီတာဝင် ဆေးဖျန်းပုံး(၅-၈) ပုံးအသုံးပြုပါ။\r\n', 'နှံစုပ်ဂျပိုး၊ဖြုတ်ညို၊ဆစ်ပိုး၊စိန်ကွက်ဖလံ၊ပျ၊ဖြုတ်စိမ်း၊ယင်ဖြူ၊သီးထိုးယင်၊ပိုးစေနှဲ၊ဖလံ၊ကော်လိုရာဒိုကျိုင်း၊မွှား၊လှေး၊ရွက်ထွင်းနှင့်ရွက်ကပ်ပိုး အဓိကနိမ်နင်းနိုင်သည်။\r\nအခြားပိုးသတ်ဆေးအုပ်စုများကို ခံနိုင်ရည်ရှိသောအင်းဆက်ဖျက်ပိုးအမျိုးမျိုးကို ထိရောက်စွာနှိမ်နင်းနိုင်သည်။\r\nနောက်ဆုံးပေါ်ပိုးသတ်ဆေးဖြစ်ပြီး ဖြုတ်ညို၊ ဖြုတ်စိမ်း အထူးသတ်ဆေးဖြစ်သည်။ အင်းဆက်ပိုးများ၏ အစာစားချင်စိတ်ကို တားဆီးလိုက်ပြီး အစာငတ်၍သေစေသည်။', 7, '100', 'G', 25000, 50, 100, NULL, NULL),
(25, 'Cupromax 85 WP awba ( ကျူပရိုမက် )', 'cupromax.jpg', '\r\nရွက်ဖျန်း', '\r\nစပါး၊ အာလူး၊ သခွား၊ ဖရဲ၊ ပဲမျိုးစုံနှင့် ကြက်သွန်၊၊\r\n', 'ဆေးဖျန်းပုံးတစ်ပုံး (၄၀-၈၀)ဂရမ်နှုန်း။ တစ်ဧကလျှင် (၂၀၀-၄၀၀)ဂရမ်နှုန်း။ တစ်ဧကလျှင် ရေ(၂၀)လီတာဝင် ဆေးဖျန်းပုံး (၅-၈)ပုံး အသုံးပြုပါ။\r\n', 'စပါးဘက်တီးရီးယားရွက်ခြောက်/ရွက်စင်း၊ စပါးမှိုသီးရောဂါ၊ စပါးဂုတ်ကျိုးရောဂါ၊ စပါးရွက်ဖုံးခြောက်ရောဂါများ အဓိကနိမ်နင်းသည်။\r\nဆေးနှုန်းထားနည်းနည်းဖြင့် ဖျက်ပိုးများကို နှိမ်နှင်းနိုင်သဖြင့် စီးပွါးရေးအရ တွက်ချေကိုက်သည်။', 7, '500', 'G', 25000, 200, 400, NULL, NULL),
(26, 'Cover 25 SC awba ( ကာဗာ )', 'cover.jpg', 'ရွက်ဖျန်း\r\n', '\r\nစပါး၊ ငရုတ်၊ သရက်၊ အာလူးနှင့် ကြက်သွန်၊၊\r\n', 'ဆေးဖျန်းပုံးတစ်ပုံး (၁၀-၂၀)စီစီနှုန်း။ တစ်ဧကလျှင် (၅၀-၁၀၀)စီစီနှုန်း။ တစ်ဧကလျှင် ရေ(၂၀)လီတာဝင် ဆေးဖျန်းပုံး (၅-၈)ပုံး အသုံးပြုပါ။\r\n', 'မှိုရောဂါစပိုးမျိုးစေ့ပေါက်ပွားမှုကို တားဆီးပေးပြီး မှိုမျှင်ကြီးထွားမှုကိုဟန့်တားပေးသောအာနိသင်ရှိသည်။\r\nဆေးနှုန်းထားအနည်းငယ်သာသုံးရသော အစွမ်းထက်မှိုသတ်ဆေးဖြစ်သည်။', 7, '250', 'CC', 13500, 50, 100, NULL, NULL),
(27, 'Ready 505 CC awba( ရယ်ဒီ )', 'ready.jpg', 'ရွက်ဖျန်း', 'သီးနှံမျိုးစုံနှင့် စပါး။', '\r\nရေ (၂၀) လီတာဝင်ဆေးဖျန်းပုံးတစ်ပုံးလျှင် ဆေး (၂၀-၄၀) စီစီနှုန်း ။', 'အခြားပိုးသတ်ဆေးခံနိုင်ရည်ရှိသော ဖျက်ပိုးများကိုနှိမ်နှင်းရန် အထူးထိ ရောက်သည်။\r\nစုပ်စားပိုးများနှင့် ပုန်းခိုကိုက်ဖြတ်စားသောက်သော ပိုးများကို ကောင်းစွာ နှိမ်နှင်းနိုင်သည်။\r\nဆေးနှုန်းထားနည်းနည်းဖြင့် ဖျက်ပိုးများကို နှိမ်နှင်းနိုင်သဖြင့် စီးပွါးရေးအရ တွက်ချေကိုက်သည်။', 7, '1000', 'CC', 15000, 20, 40, NULL, NULL),
(28, 'Dize 32.5 SC awba ( ဒိုင်ဇီ )', 'dizi.jpg', '\r\nရွက်ဖျန်း နှင့် မျိုးစေ့လူးနယ်ခြင်း', '\r\nစပါး၊ ငရုတ်၊ သရက်နှင့် စပျစ်၊၊\r\n', 'ဆေဆေးဖျန်းပုံးတစ်ပုံး (၃၀-၅၀)စီစီနှုန်း။ တစ်ဧကလျှင် (၁၅၀-၂၅၀)စီစီနှုန်း။ တစ်ဧကလျှင် ရေ(၂၀)လီတာဝင် ဆေးဖျန်းပုံး (၅-၈)ပုံး အသုံးပြုပါ။', 'မှိုရောဂါအမျိုးမျိုးကို ကာကွယ်ခြင်း၊ ကုသခြင်းနှင့် အမြစ်ပြတ်သုတ်သင်နိုင်သော ပင်လုံးပြန့်အာနိသင်ရှိ မှိုသတ်ဆေးဖြစ်သည်။\r\nဆေးနှုန်းထားအနည်းငယ်သာသုံးရသော အစွမ်းထက်မှိုသတ်ဆေးဖြစ်သည်။', 7, '500', 'CC', 12000, 150, 250, NULL, NULL),
(29, 'Armominezin ( အာမိုမိုင်စင် )', 'armominezin1.jpg', 'ရွက်ဖျန်း', 'စပါး၊ အာလူး၊ ခရမ်းချဉ်၊ ငရုတ်၊ ကြက်သွန်နှင့် ကွမ်းပင်၊၊\r\n', 'ရေ (၄) ဂါလန်ဝင်ဆေးတစ်ပုံးတွင် အာမိုမိုင်စင် (၃၀ - ၄၀) စီစီ နှုန်းဖြင့် ပက်ဖျန်းပေးနိုင်သည်။ ရောဂါများကို ကြိုတင်ကာကွယ်သည့်အနေဖြင့် ပက်ဖျန်းပေးနိုင်သည်။\r\n', 'ပင်လုံးပြန့်အာနိသင်ရှိပြီး အပင်ရောဂါအဖြစ် မှိုရောဂါများအပြင် ဘက်တီးရီးယားကြောင့် ဖြစ်သော ရောဂါများကို ကာကွယ်ကုသပေးနိုင်သည့် အစွမ်းရှိသည်။\r\nဘက်တီးရီးယားရောဂါများဆက်လက်မဖြစ်ပွားအောင် ထိန်းချုပ်နိုင်စွမ်းရှိသည်။\r\nအာမိုမိုင်စင်ကို ရောဂါစတွေ့ချိန်သာမက ကြိုတင်ကာကွယ်ဆေး အဖြစ်အသုံးပြုနိုင်သည်။', 8, '500', 'CC', 11000, 300, 400, NULL, NULL),
(30, 'Pyricide 40 SC awba ( ပိုင်ရီဆိုက် )', 'piriside.jpg', 'ရွက်ဖျန်း\r\n', '\r\nစပါး၊', '\r\nဆေးဖျန်းပုံးတစ်ပုံး (၄၀-၆၀)စီစီနှုန်း။ တစ်ဧကလျှင် (၂၀၀-၃၀၀)စီစီနှုန်း။ တစ်ဧကလျှင် ရေ(၂၀)လီတာဝင် ဆေးဖျန်းပုံး (၅-၈)ပုံး အသုံးပြုပါ။', 'စပါးဂုတ်ကျိုးရောဂါကို အဓိကနိမ်နင်းသည်။\r\nအရွက်၊ပင်စည်၊အကိုင်းအခက်နှင့် စပါးနှံများတွင် ကျရောက်သောဂုတ်ကျိုးရောဂါအဆင့်တိုင်းကို ကာကွယ်ကုသနိုင်သည်။\r\nမျိုးစေ့ဖြင့်လူးနယ်စိုက်ပျိုးခြင်း၊ပျိုးပင်ငယ်၏အမြစ်ကိုဆေးရည်စိမ်စိုက်ပျိုးခြင်းနှင့် အပင်ပေါ်ဖျန်းခြင်းနည်းလမ်းများကို အသုံးပြုနိုင်သည်။', 8, '500', 'CC', 16000, 200, 300, NULL, NULL);

-- --------------------------------------------------------

--
-- Table structure for table `reviews`
--

CREATE TABLE `reviews` (
  `id` bigint(20) UNSIGNED NOT NULL,
  `email` varchar(255) COLLATE utf8mb4_unicode_ci NOT NULL,
  `message` text COLLATE utf8mb4_unicode_ci NOT NULL,
  `star` int(11) NOT NULL,
  `user_id` int(11) NOT NULL,
  `created_at` timestamp NULL DEFAULT NULL,
  `updated_at` timestamp NULL DEFAULT NULL
) ENGINE=InnoDB DEFAULT CHARSET=utf8mb4 COLLATE=utf8mb4_unicode_ci;

--
-- Dumping data for table `reviews`
--

INSERT INTO `reviews` (`id`, `email`, `message`, `star`, `user_id`, `created_at`, `updated_at`) VALUES
(1, 'mgmg@gmail.com', 'Nice Page', 5, 2, '2023-07-25 06:30:04', '2023-07-25 06:30:04'),
(2, 'johndoe@gmail.com', 'Nice Page', 4, 2, '2023-07-26 23:10:49', '2023-07-26 23:10:49'),
(3, 'johndoe@gmail.com', 'Nice Page', 5, 2, '2023-07-26 23:10:51', '2023-07-26 23:10:51'),
(4, 'chuc074@gmail.com', 'hihello', 5, 5, '2023-08-08 08:19:50', '2023-08-08 08:19:50'),
(5, 'chuc074@gmail.com', 'hihello', 4, 5, '2023-08-08 08:19:52', '2023-08-08 08:19:52'),
(6, 'johndoe@gmail.com', 'Hello Paddy Farming system', 5, 2, '2023-08-11 01:42:53', '2023-08-11 01:42:53'),
(7, 'johndoe@gmail.com', 'Hello Paddy Farming system', 5, 2, '2023-08-11 01:42:54', '2023-08-11 01:42:54');

-- --------------------------------------------------------

--
-- Table structure for table `sessions`
--

CREATE TABLE `sessions` (
  `id` varchar(255) COLLATE utf8mb4_unicode_ci NOT NULL,
  `user_id` bigint(20) UNSIGNED DEFAULT NULL,
  `ip_address` varchar(45) COLLATE utf8mb4_unicode_ci DEFAULT NULL,
  `user_agent` text COLLATE utf8mb4_unicode_ci DEFAULT NULL,
  `payload` longtext COLLATE utf8mb4_unicode_ci NOT NULL,
  `last_activity` int(11) NOT NULL
) ENGINE=InnoDB DEFAULT CHARSET=utf8mb4 COLLATE=utf8mb4_unicode_ci;

--
-- Dumping data for table `sessions`
--

INSERT INTO `sessions` (`id`, `user_id`, `ip_address`, `user_agent`, `payload`, `last_activity`) VALUES
('QutmcXO9SVt49JyYI6mHpBm49dEfyK7oGF7Nbcao', 2, '127.0.0.1', 'Mozilla/5.0 (Windows NT 10.0; Win64; x64) AppleWebKit/537.36 (KHTML, like Gecko) Chrome/115.0.0.0 Safari/537.36 Edg/115.0.1901.200', 'YTo0OntzOjY6Il90b2tlbiI7czo0MDoidWpjOUNZZ3lRVEVIVDFVRk1NTUVrcDNvQkEwUWtiMnNtaTdZYUlMTCI7czo2OiJfZmxhc2giO2E6Mjp7czozOiJvbGQiO2E6MDp7fXM6MzoibmV3IjthOjA6e319czo5OiJfcHJldmlvdXMiO2E6MTp7czozOiJ1cmwiO3M6NTU6Imh0dHA6Ly9sb2NhbGhvc3Q6ODAwMC9DYWxjdWxhdGVPblBlc3QvdG90YWwvMy85P2FjcmU9MjAiO31zOjUwOiJsb2dpbl93ZWJfNTliYTM2YWRkYzJiMmY5NDAxNTgwZjAxNGM3ZjU4ZWE0ZTMwOTg5ZCI7aToyO30=', 1691743205);

-- --------------------------------------------------------

--
-- Table structure for table `users`
--

CREATE TABLE `users` (
  `id` bigint(20) UNSIGNED NOT NULL,
  `name` varchar(255) COLLATE utf8mb4_unicode_ci NOT NULL,
  `phone` varchar(255) COLLATE utf8mb4_unicode_ci DEFAULT NULL,
  `address` varchar(255) COLLATE utf8mb4_unicode_ci DEFAULT NULL,
  `usertype` varchar(255) COLLATE utf8mb4_unicode_ci NOT NULL DEFAULT '0',
  `email` varchar(255) COLLATE utf8mb4_unicode_ci NOT NULL,
  `email_verified_at` timestamp NULL DEFAULT NULL,
  `password` varchar(255) COLLATE utf8mb4_unicode_ci NOT NULL,
  `two_factor_secret` text COLLATE utf8mb4_unicode_ci DEFAULT NULL,
  `two_factor_recovery_codes` text COLLATE utf8mb4_unicode_ci DEFAULT NULL,
  `two_factor_confirmed_at` timestamp NULL DEFAULT NULL,
  `remember_token` varchar(100) COLLATE utf8mb4_unicode_ci DEFAULT NULL,
  `current_team_id` bigint(20) UNSIGNED DEFAULT NULL,
  `profile_photo_path` varchar(2048) COLLATE utf8mb4_unicode_ci DEFAULT NULL,
  `created_at` timestamp NULL DEFAULT NULL,
  `updated_at` timestamp NULL DEFAULT NULL
) ENGINE=InnoDB DEFAULT CHARSET=utf8mb4 COLLATE=utf8mb4_unicode_ci;

--
-- Dumping data for table `users`
--

INSERT INTO `users` (`id`, `name`, `phone`, `address`, `usertype`, `email`, `email_verified_at`, `password`, `two_factor_secret`, `two_factor_recovery_codes`, `two_factor_confirmed_at`, `remember_token`, `current_team_id`, `profile_photo_path`, `created_at`, `updated_at`) VALUES
(1, 'Thu Yein', '09987716289', 'thuyeinucstt093@gmail.com', '1', 'thuyeinucstt093@gmail.com', NULL, '$2y$10$FKTB02sVz0f8pTqTPiL1B.LxSt7D9xd7jRprdNcnl90lKquP5U9PC', NULL, NULL, NULL, NULL, NULL, NULL, '2023-07-23 07:15:22', '2023-07-23 07:15:22'),
(2, 'Mg Mg', '0998745678', 'Thanlyin', '0', 'mgmg@gmail.com', NULL, '$2y$10$TRqyJxM5A9QF8escxglz1ukcM6NCN6UyNMV/K8jw6L0B.GxHvcJOC', NULL, NULL, NULL, NULL, NULL, NULL, '2023-07-25 06:23:06', '2023-07-25 06:23:06'),
(3, 'Htet Myat Oo', '09987062836', 'Mudon', '0', '056htetmyatoo@gmail.com', NULL, '$2y$10$uXEs7vtDactwKks/mVXhHuBQKEuFAIcsgGaQFztB/VSvWOaJtKI8a', NULL, NULL, NULL, NULL, NULL, NULL, '2023-08-04 06:55:25', '2023-08-04 06:55:25'),
(4, 'sike nyan', '09788778887', 'Thaton', '0', 'sikenyanoo@gmail.com', NULL, '$2y$10$CHKyo4xf26GRrPJkuhRxIe6jJXxZ9XBdMWRawByBpYqZpYUBLvYa.', NULL, NULL, NULL, NULL, NULL, NULL, '2023-08-04 22:07:45', '2023-08-04 22:07:45'),
(5, 'Chewy', '09967716289', 'chuc074@gmail.com', '0', 'chuc074@gmail.com', NULL, '$2y$10$rINtk2iufu56XJ8o29jWMOJXwEKAi.CK0.d9N7bpH4mb6JJdYOta.', NULL, NULL, NULL, NULL, NULL, NULL, '2023-08-08 08:18:59', '2023-08-08 08:18:59'),
(6, 'Chew', '09967716289', 'chuc074@gmail.com', '0', 'chuc0764@gmail.com', NULL, '$2y$10$qj/2VIq6EBKo97vLiAWAiuRzY6.1BbxO9vpRharevFLZ4IVCb6GS.', NULL, NULL, NULL, NULL, NULL, NULL, '2023-08-09 02:22:32', '2023-08-09 02:22:32');

--
-- Indexes for dumped tables
--

--
-- Indexes for table `failed_jobs`
--
ALTER TABLE `failed_jobs`
  ADD PRIMARY KEY (`id`),
  ADD UNIQUE KEY `failed_jobs_uuid_unique` (`uuid`);

--
-- Indexes for table `knowledge`
--
ALTER TABLE `knowledge`
  ADD PRIMARY KEY (`id`);

--
-- Indexes for table `migrations`
--
ALTER TABLE `migrations`
  ADD PRIMARY KEY (`id`);

--
-- Indexes for table `new_pesticides`
--
ALTER TABLE `new_pesticides`
  ADD PRIMARY KEY (`id`);

--
-- Indexes for table `paddy_bugs`
--
ALTER TABLE `paddy_bugs`
  ADD PRIMARY KEY (`id`);

--
-- Indexes for table `paddy_types`
--
ALTER TABLE `paddy_types`
  ADD PRIMARY KEY (`id`);

--
-- Indexes for table `password_reset_tokens`
--
ALTER TABLE `password_reset_tokens`
  ADD PRIMARY KEY (`email`);

--
-- Indexes for table `personal_access_tokens`
--
ALTER TABLE `personal_access_tokens`
  ADD PRIMARY KEY (`id`),
  ADD UNIQUE KEY `personal_access_tokens_token_unique` (`token`),
  ADD KEY `personal_access_tokens_tokenable_type_tokenable_id_index` (`tokenable_type`,`tokenable_id`);

--
-- Indexes for table `pesticides`
--
ALTER TABLE `pesticides`
  ADD PRIMARY KEY (`id`);

--
-- Indexes for table `reviews`
--
ALTER TABLE `reviews`
  ADD PRIMARY KEY (`id`);

--
-- Indexes for table `sessions`
--
ALTER TABLE `sessions`
  ADD PRIMARY KEY (`id`),
  ADD KEY `sessions_user_id_index` (`user_id`),
  ADD KEY `sessions_last_activity_index` (`last_activity`);

--
-- Indexes for table `users`
--
ALTER TABLE `users`
  ADD PRIMARY KEY (`id`),
  ADD UNIQUE KEY `users_email_unique` (`email`);

--
-- AUTO_INCREMENT for dumped tables
--

--
-- AUTO_INCREMENT for table `failed_jobs`
--
ALTER TABLE `failed_jobs`
  MODIFY `id` bigint(20) UNSIGNED NOT NULL AUTO_INCREMENT;

--
-- AUTO_INCREMENT for table `knowledge`
--
ALTER TABLE `knowledge`
  MODIFY `id` bigint(20) UNSIGNED NOT NULL AUTO_INCREMENT, AUTO_INCREMENT=6;

--
-- AUTO_INCREMENT for table `migrations`
--
ALTER TABLE `migrations`
  MODIFY `id` int(10) UNSIGNED NOT NULL AUTO_INCREMENT, AUTO_INCREMENT=20;

--
-- AUTO_INCREMENT for table `new_pesticides`
--
ALTER TABLE `new_pesticides`
  MODIFY `id` bigint(20) UNSIGNED NOT NULL AUTO_INCREMENT, AUTO_INCREMENT=31;

--
-- AUTO_INCREMENT for table `paddy_bugs`
--
ALTER TABLE `paddy_bugs`
  MODIFY `id` bigint(20) UNSIGNED NOT NULL AUTO_INCREMENT, AUTO_INCREMENT=9;

--
-- AUTO_INCREMENT for table `paddy_types`
--
ALTER TABLE `paddy_types`
  MODIFY `id` bigint(20) UNSIGNED NOT NULL AUTO_INCREMENT, AUTO_INCREMENT=16;

--
-- AUTO_INCREMENT for table `personal_access_tokens`
--
ALTER TABLE `personal_access_tokens`
  MODIFY `id` bigint(20) UNSIGNED NOT NULL AUTO_INCREMENT;

--
-- AUTO_INCREMENT for table `pesticides`
--
ALTER TABLE `pesticides`
  MODIFY `id` bigint(20) UNSIGNED NOT NULL AUTO_INCREMENT, AUTO_INCREMENT=31;

--
-- AUTO_INCREMENT for table `reviews`
--
ALTER TABLE `reviews`
  MODIFY `id` bigint(20) UNSIGNED NOT NULL AUTO_INCREMENT, AUTO_INCREMENT=8;

--
-- AUTO_INCREMENT for table `users`
--
ALTER TABLE `users`
  MODIFY `id` bigint(20) UNSIGNED NOT NULL AUTO_INCREMENT, AUTO_INCREMENT=7;
COMMIT;

/*!40101 SET CHARACTER_SET_CLIENT=@OLD_CHARACTER_SET_CLIENT */;
/*!40101 SET CHARACTER_SET_RESULTS=@OLD_CHARACTER_SET_RESULTS */;
/*!40101 SET COLLATION_CONNECTION=@OLD_COLLATION_CONNECTION */;
